source,institution,category,raw_record,scraped_at,company,country,value_usd,value_mk,items,title,pdf_link
CMST Malawi,Central Medical Stores Trust (CMST),Medical Consumables & Pharmaceuticals,1 | Zanak Pharmaceuticals | Malawi,2026-08-24T00:50:14.648052,Zanak Pharmaceuticals,Malawi,,,,,
CMST Malawi,Central Medical Stores Trust (CMST),Medical Consumables & Pharmaceuticals,2 | Ritechem Pharmaceuticals | Malawi,2026-08-24T00:50:14.648079,Ritechem Pharmaceuticals,Malawi,,,,,
CMST Malawi,Central Medical Stores Trust (CMST),Medical Consumables & Pharmaceuticals,3 | Intas Pharmaceuticals Limited | India,2026-08-24T00:50:14.648086,Intas Pharmaceuticals Limited,India,,,,,
CMST Malawi,Central Medical Stores Trust (CMST),Medical Consumables & Pharmaceuticals,4 | Worldwide Pharmaceutical Distributors | Malawi,2026-08-24T00:50:14.648092,Worldwide Pharmaceutical Distributors,Malawi,,,,,
CMST Malawi,Central Medical Stores Trust (CMST),Medical Consumables & Pharmaceuticals,5 | Maza Medics International | Malawi,2026-08-24T00:50:14.648097,Maza Medics International,Malawi,,,,,
CMST Malawi,Central Medical Stores Trust (CMST),Medical Consumables & Pharmaceuticals,6 | Premedium Pharmaceuticals Pvt Ltd | Malawi,2026-08-24T00:50:14.648102,Premedium Pharmaceuticals Pvt Ltd,Malawi,,,,,
CMST Malawi,Central Medical Stores Trust (CMST),Medical Consumables & Pharmaceuticals,7 | HP Pharmaceuticals | Malawi,2026-08-24T00:50:14.648107,HP Pharmaceuticals,Malawi,,,,,
CMST Malawi,Central Medical Stores Trust (CMST),Medical Consumables & Pharmaceuticals,8 | PharmaChemie Limited | Malawi,2026-08-24T00:50:14.648111,PharmaChemie Limited,Malawi,,,,,
CMST Malawi,Central Medical Stores Trust (CMST),Medical Consumables & Pharmaceuticals,9 | Esmo International CC | South Africa,2026-08-24T00:50:14.648116,Esmo International CC,South Africa,,,,,
CMST Malawi,Central Medical Stores Trust (CMST),Medical Consumables & Pharmaceuticals,10 | Crown Pharmaceuticals and Research Laboratories Limited | Malawi,2026-08-24T00:50:14.648121,Crown Pharmaceuticals and Research Laboratories Limited,Malawi,,,,,
CMST Malawi,Central Medical Stores Trust (CMST),Medical Consumables & Pharmaceuticals,11 | Intermed International Commodities Limited | Malawi,2026-08-24T00:50:14.648125,Intermed International Commodities Limited,Malawi,,,,,
CMST Malawi,Central Medical Stores Trust (CMST),Medical Consumables & Pharmaceuticals,12 | Pharmavet Ltd | Malawi,2026-08-24T00:50:14.648130,Pharmavet Ltd,Malawi,,,,,
CMST Malawi,Central Medical Stores Trust (CMST),Medical Consumables & Pharmaceuticals,13 | Artemis Pharmaceuticals Ltd | Malawi,2026-08-24T00:50:14.648135,Artemis Pharmaceuticals Ltd,Malawi,,,,,
CMST Malawi,Central Medical Stores Trust (CMST),Medical Consumables & Pharmaceuticals,14 | IDA Foundation | Netherlands,2026-08-24T00:50:14.648182,IDA Foundation,Netherlands,,,,,
CMST Malawi,Central Medical Stores Trust (CMST),Medical Consumables & Pharmaceuticals,15 | Living Medicals Distribution | Malawi,2026-08-24T00:50:14.648203,Living Medicals Distribution,Malawi,,,,,
CMST Malawi,Central Medical Stores Trust (CMST),Medical Consumables & Pharmaceuticals,16 | DAWA Limited | Kenya,2026-08-24T00:50:14.648209,DAWA Limited,Kenya,,,,,
CMST Malawi,Central Medical Stores Trust (CMST),Medical Consumables & Pharmaceuticals,17 | Angel Biogenics Pvt Ltd | India,2026-08-24T00:50:14.648214,Angel Biogenics Pvt Ltd,India,,,,,
CMST Malawi,Central Medical Stores Trust (CMST),Medical Consumables & Pharmaceuticals,"1 | B17 | Angel Biogenics Pvt Ltd | India | 3,386,511.01 | 2,790,485,072.24",2026-08-24T00:50:14.648226,Angel Biogenics Pvt Ltd,India,"3,386,511.01","2,790,485,072.24",,,
CMST Malawi,Central Medical Stores Trust (CMST),Medical Consumables & Pharmaceuticals,"2 | B16 | DAWA Limited | Kenya | 2,820,513.22 | 2,324,102,893.28",2026-08-24T00:50:14.648236,DAWA Limited,Kenya,"2,820,513.22","2,324,102,893.28",,,
CMST Malawi,Central Medical Stores Trust (CMST),Medical Consumables & Pharmaceuticals,"3 | B8 | PharmaChemie Limited | Malawi | 2,365,485.00 | 1,949,159,640.00",2026-08-24T00:50:14.648245,PharmaChemie Limited,Malawi,"2,365,485.00","1,949,159,640.00",,,
CMST Malawi,Central Medical Stores Trust (CMST),Medical Consumables & Pharmaceuticals,"4 | B12 | Pharmavet Ltd | Malawi | 2,475,286.48 | 2,039,636,059.52",2026-08-24T00:50:14.648253,Pharmavet Ltd,Malawi,"2,475,286.48","2,039,636,059.52",,,
CMST Malawi,Central Medical Stores Trust (CMST),Medical Consumables & Pharmaceuticals,"5 | B4 | Worldwide Pharmaceutical Distributors | Malawi | 1,571,327.44 | 1,294,773,810.56",2026-08-24T00:50:14.648262,Worldwide Pharmaceutical Distributors,Malawi,"1,571,327.44","1,294,773,810.56",,,
CMST Malawi,Central Medical Stores Trust (CMST),Medical Consumables & Pharmaceuticals,"1 | B10 | SMI Healthcare Ltd | Malawi | 513,413,000.00",2026-08-24T00:50:14.648280,SMI Healthcare Ltd,Malawi,,"513,413,000.00",,,
CMST Malawi,Central Medical Stores Trust (CMST),Medical Consumables & Pharmaceuticals,"2 | B11 | Lab Supplies | Malawi | 31,921,000.00",2026-08-24T00:50:14.648289,Lab Supplies,Malawi,,"31,921,000.00",,,
CMST Malawi,Central Medical Stores Trust (CMST),Medical Consumables & Pharmaceuticals,"3 | B13 | MedTech Medical and Dental Supplies | Malawi | 142,810,254.48",2026-08-24T00:50:14.648297,MedTech Medical and Dental Supplies,Malawi,,"142,810,254.48",,,
CMST Malawi,Central Medical Stores Trust (CMST),Medical Consumables & Pharmaceuticals,"4 | B17 | Goodhope Pharmaceuticals | Malawi | 1,080,000.00",2026-08-24T00:50:14.648304,Goodhope Pharmaceuticals,Malawi,,"1,080,000.00",,,
CMST Malawi,Central Medical Stores Trust (CMST),Medical Consumables & Pharmaceuticals,"5 | B18 | Medical Giants | Malawi | 5,965,520.00",2026-08-24T00:50:14.648312,Medical Giants,Malawi,,"5,965,520.00",,,
CMST Malawi,Central Medical Stores Trust (CMST),Medical Consumables & Pharmaceuticals,"6 | B23 | Intersaf Medical Supplies | Malawi | 873,182,025.00",2026-08-24T00:50:14.648319,Intersaf Medical Supplies,Malawi,,"873,182,025.00",,,
CMST Malawi,Central Medical Stores Trust (CMST),Medical Consumables & Pharmaceuticals,"7 | B25 | Medisurge Ltd | Malawi | 2,482,284.90",2026-08-24T00:50:14.648326,Medisurge Ltd,Malawi,,"2,482,284.90",,,
CMST Malawi,Central Medical Stores Trust (CMST),Medical Consumables & Pharmaceuticals,"8 | B26 | Paramount Pharmaceutical Ltd | Malawi | 14,543,872.00",2026-08-24T00:50:14.648334,Paramount Pharmaceutical Ltd,Malawi,,"14,543,872.00",,,
CMST Malawi,Central Medical Stores Trust (CMST),Medical Consumables & Pharmaceuticals,"9 | B29 | Galilaya Healthcare Supplies | Malawi | 3,078,000.00",2026-08-24T00:50:14.648341,Galilaya Healthcare Supplies,Malawi,,"3,078,000.00",,,
CMST Malawi,Central Medical Stores Trust (CMST),Medical Consumables & Pharmaceuticals,"10 | B3 | Modern Investments Ltd | Malawi | 1,328,200.00",2026-08-24T00:50:14.648349,Modern Investments Ltd,Malawi,,"1,328,200.00",,,
CMST Malawi,Central Medical Stores Trust (CMST),Medical Consumables & Pharmaceuticals,"11 | B31 | Biscra Ltd | Malawi | 55,174,925.00",2026-08-24T00:50:14.648356,Biscra Ltd,Malawi,,"55,174,925.00",,,
CMST Malawi,Central Medical Stores Trust (CMST),Medical Consumables & Pharmaceuticals,"12 | B33 | EMG Laboratory Suppliers Pvt Ltd | Malawi | 73,396,504.98",2026-08-24T00:50:14.648366,EMG Laboratory Suppliers Pvt Ltd,Malawi,,"73,396,504.98",,,
CMST Malawi,Central Medical Stores Trust (CMST),Medical Consumables & Pharmaceuticals,"13 | B34 | Bio Lab Agencies Ltd | Malawi | 59,034,900.00",2026-08-24T00:50:14.648374,Bio Lab Agencies Ltd,Malawi,,"59,034,900.00",,,
CMST Malawi,Central Medical Stores Trust (CMST),Medical Consumables & Pharmaceuticals,"14 | B36 | Thofu Investments | Malawi | 682,923.00",2026-08-24T00:50:14.648381,Thofu Investments,Malawi,,"682,923.00",,,
CMST Malawi,Central Medical Stores Trust (CMST),Medical Consumables & Pharmaceuticals,"15 | B38 | Panganani Trading | Malawi | 870,000,000.00",2026-08-24T00:50:14.648388,Panganani Trading,Malawi,,"870,000,000.00",,,
CMST Malawi,Central Medical Stores Trust (CMST),Medical Consumables & Pharmaceuticals,"16 | B41 | Standard Medical Laboratories Ltd | Malawi | 107,591,200.00",2026-08-24T00:50:14.648395,Standard Medical Laboratories Ltd,Malawi,,"107,591,200.00",,,
CMST Malawi,Central Medical Stores Trust (CMST),Medical Consumables & Pharmaceuticals,"17 | B42 | Pharmacare Pharmacies | Malawi | 30,287,520.00",2026-08-24T00:50:14.648403,Pharmacare Pharmacies,Malawi,,"30,287,520.00",,,
CMST Malawi,Central Medical Stores Trust (CMST),Medical Consumables & Pharmaceuticals,"18 | B44 | Fortmed International | Malawi | 1,738,470.00",2026-08-24T00:50:14.648410,Fortmed International,Malawi,,"1,738,470.00",,,
CMST Malawi,Central Medical Stores Trust (CMST),Medical Consumables & Pharmaceuticals,"19 | B5 | Intermed International Commodities | Malawi | 28,958,806.74",2026-08-24T00:50:14.648417,Intermed International Commodities,Malawi,,"28,958,806.74",,,
CMST Malawi,Central Medical Stores Trust (CMST),Medical Consumables & Pharmaceuticals,"20 | B50 | Bio clinical Partners | Malawi | 75,040,932.00",2026-08-24T00:50:14.648425,Bio clinical Partners,Malawi,,"75,040,932.00",,,
CMST Malawi,Central Medical Stores Trust (CMST),Medical Consumables & Pharmaceuticals,"21 | B51 | Fatech Laboratories | Malawi | 3,210,000.00",2026-08-24T00:50:14.648432,Fatech Laboratories,Malawi,,"3,210,000.00",,,
CMST Malawi,Central Medical Stores Trust (CMST),Medical Consumables & Pharmaceuticals,"22 | B57 | Pharmachemie Ltd | Malawi | 2,459,777.83",2026-08-24T00:50:14.648439,Pharmachemie Ltd,Malawi,,"2,459,777.83",,,
CMST Malawi,Central Medical Stores Trust (CMST),Medical Consumables & Pharmaceuticals,"23 | B60 | Jetts 2000 | Malawi | 110,553.09",2026-08-24T00:50:14.648447,Jetts 2000,Malawi,,"110,553.09",,,
CMST Malawi,Central Medical Stores Trust (CMST),Medical Consumables & Pharmaceuticals,"24 | B62 | Lilongwe Chirani | Malawi | 870,018,000.00",2026-08-24T00:50:14.648454,Lilongwe Chirani,Malawi,,"870,018,000.00",,,
CMST Malawi,Central Medical Stores Trust (CMST),Medical Consumables & Pharmaceuticals,"25 | B69 | Medipoint | Malawi | 13,259,376.00",2026-08-24T00:50:14.648462,Medipoint,Malawi,,"13,259,376.00",,,
CMST Malawi,Central Medical Stores Trust (CMST),Medical Consumables & Pharmaceuticals,"26 | B72 | Ris Associates & General Dealers | Malawi | 22,631,560.00",2026-08-24T00:50:14.648469,Ris Associates & General Dealers,Malawi,,"22,631,560.00",,,
CMST Malawi,Central Medical Stores Trust (CMST),Medical Consumables & Pharmaceuticals,"27 | B74 | Sonali Pharmaceuticals | Malawi | 3,746,450.00",2026-08-24T00:50:14.648476,Sonali Pharmaceuticals,Malawi,,"3,746,450.00",,,
CMST Malawi,Central Medical Stores Trust (CMST),Medical Consumables & Pharmaceuticals,"28 | B76 | Yannakis General Import & Export | Malawi | 2,977,498.72",2026-08-24T00:50:14.648483,Yannakis General Import & Export,Malawi,,"2,977,498.72",,,
CMST Malawi,Central Medical Stores Trust (CMST),Medical Consumables & Pharmaceuticals,"29 | B81 | Pharma Solutions | Malawi | 56,000,000.00",2026-08-24T00:50:14.648491,Pharma Solutions,Malawi,,"56,000,000.00",,,
CMST Malawi,Central Medical Stores Trust (CMST),Medical Consumables & Pharmaceuticals,"30 | B84 | Worldwide Pharmaceutical Distributors | Malawi | 889,726,315.78",2026-08-24T00:50:14.648498,Worldwide Pharmaceutical Distributors,Malawi,,"889,726,315.78",,,
CMST Malawi,Central Medical Stores Trust (CMST),Medical Consumables & Pharmaceuticals,"31 | B86 | Mira Investments | Malawi | 2,200,000.00",2026-08-24T00:50:14.648505,Mira Investments,Malawi,,"2,200,000.00",,,
CMST Malawi,Central Medical Stores Trust (CMST),Medical Consumables & Pharmaceuticals,"32 | B87 | Thengo Pharmaceuticals | Malawi | 161,831,000.00",2026-08-24T00:50:14.648513,Thengo Pharmaceuticals,Malawi,,"161,831,000.00",,,
CMST Malawi,Central Medical Stores Trust (CMST),Medical Consumables & Pharmaceuticals,"33 | B9 | Favour Surgicals and Stationery Supplies | Malawi | 238,000,000.00",2026-08-24T00:50:14.648521,Favour Surgicals and Stationery Supplies,Malawi,,"238,000,000.00",,,
CMST Malawi,Central Medical Stores Trust (CMST),Medical Consumables & Pharmaceuticals,"34 | B91 | Ark Investments | Malawi | 6,007,500.00",2026-08-24T00:50:14.648528,Ark Investments,Malawi,,"6,007,500.00",,,
CMST Malawi,Central Medical Stores Trust (CMST),Medical Consumables & Pharmaceuticals,"35 | B12 | MCWISE Investments | Malawi | 46,719,900.00",2026-08-24T00:50:14.648538,MCWISE Investments,Malawi,,"46,719,900.00",,,
CMST Malawi,Central Medical Stores Trust (CMST),Medical Consumables & Pharmaceuticals,"36 | B53 | HP Pharmaceuticals | Malawi | 257,400.00",2026-08-24T00:50:14.648546,HP Pharmaceuticals,Malawi,,"257,400.00",,,
CMST Malawi,Central Medical Stores Trust (CMST),Medical Consumables & Pharmaceuticals,"37 | B67 | Salfa Surgical & Medical Suppliers | Malawi | 580,000.00",2026-08-24T00:50:14.648553,Salfa Surgical & Medical Suppliers,Malawi,,"580,000.00",,,
CMST Malawi,Central Medical Stores Trust (CMST),Medical Consumables & Pharmaceuticals,"38 | B75 | Sunrise Pharmaceuticals | Malawi | 7,478,400.00",2026-08-24T00:50:14.648561,Sunrise Pharmaceuticals,Malawi,,"7,478,400.00",,,
CMST Malawi,Central Medical Stores Trust (CMST),Medical Consumables & Pharmaceuticals,"39 | B78 | Tech Investments | Malawi | 5,958,050.00",2026-08-24T00:50:14.648568,Tech Investments,Malawi,,"5,958,050.00",,,
CMST Malawi,Central Medical Stores Trust (CMST),Medical Consumables & Pharmaceuticals,"40 | B80 | Wassie Pharmaceuticals | Malawi | 13,102,660.00",2026-08-24T00:50:14.648575,Wassie Pharmaceuticals,Malawi,,"13,102,660.00",,,
CMST Malawi,Central Medical Stores Trust (CMST),Medical Consumables & Pharmaceuticals,"41 | B89 | Lab Enterprises | Malawi | 14,401,147.50",2026-08-24T00:50:14.648583,Lab Enterprises,Malawi,,"14,401,147.50",,,
CMST Malawi,Central Medical Stores Trust (CMST),Medical Consumables & Pharmaceuticals,"1 | B20 Total | Halifax Trading | Malawi | 251,746.06 | 196,069,500.00",2026-08-24T00:50:14.648602,Halifax Trading,Malawi,"251,746.06","196,069,500.00",,,
CMST Malawi,Central Medical Stores Trust (CMST),Medical Consumables & Pharmaceuticals,"2 | B25 Total | Lilongwe Chirani Ltd | Malawi | 2,268.80 | 1,767,028.57",2026-08-24T00:50:14.648612,Lilongwe Chirani Ltd,Malawi,"2,268.80","1,767,028.57",,,
CMST Malawi,Central Medical Stores Trust (CMST),Medical Consumables & Pharmaceuticals,"3 | B32 Total | Tradewings Worldwide Ltd | Malawi | 24,640.00 | 19,190,578.18",2026-08-24T00:50:14.648622,Tradewings Worldwide Ltd,Malawi,"24,640.00","19,190,578.18",,,
CMST Malawi,Central Medical Stores Trust (CMST),Medical Consumables & Pharmaceuticals,"5 | B35 Total | Intermed International Commodities | Malawi | 39,309.60 | 30,615,825.97",2026-08-24T00:50:14.648630,Intermed International Commodities,Malawi,"39,309.60","30,615,825.97",,,
CMST Malawi,Central Medical Stores Trust (CMST),Medical Consumables & Pharmaceuticals,"6 | B41 Total | Maza Medics International | Malawi | 55,906.00 | 43,541,739.59",2026-08-24T00:50:14.648639,Maza Medics International,Malawi,"55,906.00","43,541,739.59",,,
CMST Malawi,Central Medical Stores Trust (CMST),Medical Consumables & Pharmaceuticals,"7 | B50 Total | Ris Associates & General Trading | Malawi | 6,045.06 | 4,708,125.31",2026-08-24T00:50:14.648647,Ris Associates & General Trading,Malawi,"6,045.06","4,708,125.31",,,
CMST Malawi,Central Medical Stores Trust (CMST),Medical Consumables & Pharmaceuticals,"8 | B6 Total | Highrise Investments Ltd | Malawi | 17,833.00 | 13,889,025.19",2026-08-24T00:50:14.648656,Highrise Investments Ltd,Malawi,"17,833.00","13,889,025.19",,,
CMST Malawi,Central Medical Stores Trust (CMST),Medical Consumables & Pharmaceuticals,"9 | B65 Total | Medisurge Ltd | Malawi | 8,943.75 | 6,965,735.94",2026-08-24T00:50:14.648664,Medisurge Ltd,Malawi,"8,943.75","6,965,735.94",,,
CMST Malawi,Central Medical Stores Trust (CMST),Medical Consumables & Pharmaceuticals,"10 | B68 Total | Afrimed | Malawi | 13,467.60 | 10,489,084.04",2026-08-24T00:50:14.648673,Afrimed,Malawi,"13,467.60","10,489,084.04",,,
CMST Malawi,Central Medical Stores Trust (CMST),Medical Consumables & Pharmaceuticals,"11 | B72 Total | Allied Engineering | Malawi | 1,925.95 | 1,500,000.00",2026-08-24T00:50:14.648681,Allied Engineering,Malawi,"1,925.95","1,500,000.00",,,
CMST Malawi,Central Medical Stores Trust (CMST),Medical Consumables & Pharmaceuticals,"12 | B74 Total | New Leaf Investments | Malawi | 115,382.09 | 89,864,000.00",2026-08-24T00:50:14.648689,New Leaf Investments,Malawi,"115,382.09","89,864,000.00",,,
CMST Malawi,Central Medical Stores Trust (CMST),Medical Consumables & Pharmaceuticals,"13 | B76 Total | Aki Investments Ltd | Malawi | 701.04 | 546,000.00",2026-08-24T00:50:14.648698,Aki Investments Ltd,Malawi,701.04,"546,000.00",,,
CMST Malawi,Central Medical Stores Trust (CMST),Medical Consumables & Pharmaceuticals,"14 | B78 Total | Medipoint Ltd | Malawi | 8,752.00 | 6,816,393.68",2026-08-24T00:50:14.648706,Medipoint Ltd,Malawi,"8,752.00","6,816,393.68",,,
CMST Malawi,Central Medical Stores Trust (CMST),Medical Consumables & Pharmaceuticals,"15 | B82 Total | Worldwide pharmaceutical Distributors | Malawi | 78,754.00 | 61,336,639.35",2026-08-24T00:50:14.648715,Worldwide pharmaceutical Distributors,Malawi,"78,754.00","61,336,639.35",,,
CMST Malawi,Central Medical Stores Trust (CMST),Medical Consumables & Pharmaceuticals,"16 | B83 Total | Joint Venture- Mbokire Enterprises, Benga Investments, Bitrate Enterprises, Lonjani Investments, GR & C Investment & General Dealers, GBS Investments) | Malawi | 647.22 | 504,077.63",2026-08-24T00:50:14.648725,"Joint Venture- Mbokire Enterprises, Benga Investments, Bitrate Enterprises, Lonjani Investments, GR & C Investment & General Dealers, GBS Investments)",Malawi,647.22,"504,077.63",,,
CMST Malawi,Central Medical Stores Trust (CMST),Medical Consumables & Pharmaceuticals,"17 | B87 | Bioclinical Partners Ltd | Malawi | 236.25 | 184,000.00",2026-08-24T00:50:14.648734,Bioclinical Partners Ltd,Malawi,236.25,"184,000.00",,,
CMST Malawi,Central Medical Stores Trust (CMST),Medical Consumables & Pharmaceuticals,"18 | B88 Total | Yiannakis General Import and Export | Malawi | 22,210.78 | 17,298,610.60",2026-08-24T00:50:14.648742,Yiannakis General Import and Export,Malawi,"22,210.78","17,298,610.60",,,
CMST Malawi,Central Medical Stores Trust (CMST),Medical Consumables & Pharmaceuticals,"19 | B89 Total | ESMO International | Malawi | 80,336.60 | 62,569,229.01",2026-08-24T00:50:14.648751,ESMO International,Malawi,"80,336.60","62,569,229.01",,,
CMST Malawi,Central Medical Stores Trust (CMST),Medical Consumables & Pharmaceuticals,"20 | B9 Total | Pharma Chemie Ltd | Malawi | 1,103.50 | 859,448.17",2026-08-24T00:50:14.648759,Pharma Chemie Ltd,Malawi,"1,103.50","859,448.17",,,
CMST Malawi,Central Medical Stores Trust (CMST),Medical Consumables & Pharmaceuticals,"1 | B3 Total | Optima Group | 2 | 158,000,000.00",2026-08-24T00:50:14.648776,Optima Group,,,,2,,
CMST Malawi,Central Medical Stores Trust (CMST),Medical Consumables & Pharmaceuticals,"2 | B6 Total | Stallion Investments | 1 | 559,800,000.00",2026-08-24T00:50:14.648786,Stallion Investments,,,,1,,
CMST Malawi,Central Medical Stores Trust (CMST),Medical Consumables & Pharmaceuticals,"3 | B27 Total | Fox Engineering | 1 | 58,250,000.00",2026-08-24T00:50:14.648795,Fox Engineering,,,,1,,
CMST Malawi,Central Medical Stores Trust (CMST),Medical Consumables & Pharmaceuticals,"4 | B29 Total | Pharmachemie Ltd | 1 | 123,000,000.00",2026-08-24T00:50:14.648804,Pharmachemie Ltd,,,,1,,
CMST Malawi,Central Medical Stores Trust (CMST),Medical Consumables & Pharmaceuticals,"5 | B31 Total | Medipoint Ltd | 2 | 337,811,500.00",2026-08-24T00:50:14.648813,Medipoint Ltd,,,,2,,
CMST Malawi,Central Medical Stores Trust (CMST),Medical Consumables & Pharmaceuticals,"6 | B37 Total | First Mark Group of Companies | 1 | 112,200,000.00",2026-08-24T00:50:14.648822,First Mark Group of Companies,,,,1,,
CMST Malawi,Central Medical Stores Trust (CMST),Medical Consumables & Pharmaceuticals,"7 | B58 Total | Mira Investments | 1 | 220,800,000.00",2026-08-24T00:50:14.648831,Mira Investments,,,,1,,
CMST Malawi,Central Medical Stores Trust (CMST),Medical Consumables & Pharmaceuticals,"8 | B51 Total | Interglobal Medical Suppliers | 1 | 196,336,500.00",2026-08-24T00:50:14.648839,Interglobal Medical Suppliers,,,,1,,
CMST Malawi,Central Medical Stores Trust (CMST),Medical Consumables & Pharmaceuticals,"9 | B56 Total | Lilongwe Chirani Ltd | 3 | 532,936,500.00",2026-08-24T00:50:14.648848,Lilongwe Chirani Ltd,,,,3,,
CMST Malawi,Central Medical Stores Trust (CMST),Medical Consumables & Pharmaceuticals,"10 | B62 Total | Glad Investments | 1 | 196,336,500.00",2026-08-24T00:50:14.648857,Glad Investments,,,,1,,
CMST Malawi,Central Medical Stores Trust (CMST),Medical Consumables & Pharmaceuticals,"11 | B69 Total | JF Investments | 1 | 196,336,500.00",2026-08-24T00:50:14.648866,JF Investments,,,,1,,
CMST Malawi,Central Medical Stores Trust (CMST),Medical Consumables & Pharmaceuticals,"12 | B70 Total | Favour Surgicals | 1 | 196,336,500.00",2026-08-24T00:50:14.648876,Favour Surgicals,,,,1,,
CMST Malawi,Central Medical Stores Trust (CMST),Medical Consumables & Pharmaceuticals,"13 | B75 Total | Omars Transport | 1 | 196,336,500.00",2026-08-24T00:50:14.648885,Omars Transport,,,,1,,
CMST Malawi,Central Medical Stores Trust (CMST),Medical Consumables & Pharmaceuticals,"14 | B119 Total | JP Import & Export | 1 | 141,475,000.00",2026-08-24T00:50:14.648894,JP Import & Export,,,,1,,
CMST Malawi,Central Medical Stores Trust (CMST),Medical Consumables & Pharmaceuticals,"15 | B85 Total | Halifax Trading | 1 | 196,336,500.00",2026-08-24T00:50:14.648902,Halifax Trading,,,,1,,
CMST Malawi,Central Medical Stores Trust (CMST),Medical Consumables & Pharmaceuticals,"16 | B89 Total | Lamat Global Ltd | 1 | 196,336,500.00",2026-08-24T00:50:14.648911,Lamat Global Ltd,,,,1,,
CMST Malawi,Central Medical Stores Trust (CMST),Medical Consumables & Pharmaceuticals,"17 | B92 Total | Allied Engineering | 1 | 111,312,500.00",2026-08-24T00:50:14.648920,Allied Engineering,,,,1,,
CMST Malawi,Central Medical Stores Trust (CMST),Medical Consumables & Pharmaceuticals,"18 | B95 Total | Hosmate | 1 | 196,336,500.00",2026-08-24T00:50:14.648928,Hosmate,,,,1,,
CMST Malawi,Central Medical Stores Trust (CMST),Medical Consumables & Pharmaceuticals,"19 | B100 Total | Chijozi Enterprise | 3 | 530,210,920.00",2026-08-24T00:50:14.648937,Chijozi Enterprise,,,,3,,
CMST Malawi,Central Medical Stores Trust (CMST),Medical Consumables & Pharmaceuticals,"20 | B104 Total | Bio Lab Agencies | 1 | 47,850,000.00",2026-08-24T00:50:14.648946,Bio Lab Agencies,,,,1,,
CMST Malawi,Central Medical Stores Trust (CMST),Medical Consumables & Pharmaceuticals,"21 | B107 Total | Easy Choice Ltd | 2 | 400,000,000.00",2026-08-24T00:50:14.648954,Easy Choice Ltd,,,,2,,
CMST Malawi,Central Medical Stores Trust (CMST),Medical Consumables & Pharmaceuticals,"22 | B115 Total | Scaamel | 1 | 196,336,500.00",2026-08-24T00:50:14.648963,Scaamel,,,,1,,
CMST Malawi,Central Medical Stores Trust (CMST),Medical Consumables & Pharmaceuticals,"23 | B63 Total | Pharma Solutions | 1 | 196,336,500.00",2026-08-24T00:50:14.648971,Pharma Solutions,,,,1,,
CMST Open Tenders,Central Medical Stores Trust (CMST),Medical Tender Document,,2026-08-24T00:50:16.313672,,,,,,000531 POA-CO-Approved SBD IQA unprequalified Medicines,http://www.cmst.mw/files/000531_POA-CO-Approved_SBD_IQA_unprequalified_Medicines.pdf
CMST Open Tenders,Central Medical Stores Trust (CMST),Medical Tender Document,,2026-08-24T00:50:16.313706,,,,,,SBD 000521 POA-Co-approval Medical Supplies Open Tender POA,http://www.cmst.mw/files/SBD_000521_POA-Co-approval_Medical_Supplies_Open_Tender_POA.pdf
CMST Old Procurements,Central Medical Stores Trust (CMST),Medical Tender Document,,2026-08-24T00:50:17.602721,,,,,,HUMAN RESOURCES OFFICER MS6 POSITION,http://www.cmst.mw/files/HUMAN_RESOURCES_OFFICER_MS6_POSITION.pdf
CMST Old Procurements,Central Medical Stores Trust (CMST),Medical Tender Document,,2026-08-24T00:50:17.602751,,,,,,000536 Supply and Delivery of Medicines Medical Supplies NCB Open proedits,http://www.cmst.mw/files/000536_Supply_and_Delivery_of_Medicines_Medical_Supplies_NCB_Open_proedits.pdf
CMST Old Procurements,Central Medical Stores Trust (CMST),Medical Tender Document,,2026-08-24T00:50:17.602757,,,,,,Advert for Procurement of Landscape Services 000823 ,http://www.cmst.mw/files/Procurements/Advert_for_Procurement_of_Landscape_Services_000823 .pdf
CMST Old Procurements,Central Medical Stores Trust (CMST),Medical Tender Document,,2026-08-24T00:50:17.602762,,,,,,000982 EoI for External Audit Services for March 2022,http://www.cmst.mw/files/000982_EoI_for_External_Audit_Services_for_March_2022.pdf
CMST Old Procurements,Central Medical Stores Trust (CMST),Medical Tender Document,,2026-08-24T00:50:17.602766,,,,,,SBD 000521 POA-Co-approval Medical Supplies Open Tender POA,http://www.cmst.mw/files/SBD_000521_POA-Co-approval_Medical_Supplies_Open_Tender_POA.pdf
CMST Old Procurements,Central Medical Stores Trust (CMST),Medical Tender Document,,2026-08-24T00:50:17.602769,,,,,,CMST-G-MMS-020-000564 000564 Advert Refloted EV-23221,http://www.cmst.mw/files/CMST-G-MMS-020-000564_000564_Advert_Refloted_EV-23221.pdf
CMST Old Procurements,Central Medical Stores Trust (CMST),Medical Tender Document,,2026-08-24T00:50:17.602772,,,,,,CMST Advertisement NCB Un-prequalified medicines ev 10112020,http://www.cmst.mw/files/CMST_Advertisement_NCB_Un-prequalified_medicines_ev_10112020.pdf
CMST Old Procurements,Central Medical Stores Trust (CMST),Medical Tender Document,,2026-08-24T00:50:17.602776,,,,,,CMST-CORRIGENDUM Advertisement for ICB-000575 Medicines ICB-000578 Medical Supplies,http://www.cmst.mw/files/CMST-CORRIGENDUM_Advertisement_for_ICB-000575_Medicines_ICB-000578_Medical_Supplies.pdf
CMST Old Procurements,Central Medical Stores Trust (CMST),Medical Tender Document,,2026-08-24T00:50:17.602780,,,,,,000673 Advertisement NCB Motor Tracking Edited,http://www.cmst.mw/files/000673_Advertisement_NCB_Motor_Tracking_Edited.pdf
CMST Old Procurements,Central Medical Stores Trust (CMST),Medical Tender Document,,2026-08-24T00:50:17.602783,,,,,,EV 000578 CMST Advertisement ICB Medical Supplies,http://www.cmst.mw/files/EV_000578_CMST_Advertisement_ICB_Medical_Supplies.pdf
CMST Old Procurements,Central Medical Stores Trust (CMST),Medical Tender Document,,2026-08-24T00:50:17.602786,,,,,,EoI for External Audit Services for June 2018 2112019,http://www.cmst.mw/files/EoI_for_External_Audit_Services_for_June_2018_2112019.pdf
CMST Old Procurements,Central Medical Stores Trust (CMST),Medical Tender Document,,2026-08-24T00:50:17.602789,,,,,,000835 Security Services(NCB-Open)Intention to award notice,http://www.cmst.mw/files/000835_Security_Services(NCB-Open)Intention_to_award_notice.pdf
CMST Old Procurements,Central Medical Stores Trust (CMST),Medical Tender Document,,2026-08-24T00:50:17.602792,,,,,,job advert for dop and iam,http://www.cmst.mw/files/job_advert_for_dop_and_iam.pdf
CMST Old Procurements,Central Medical Stores Trust (CMST),Medical Tender Document,,2026-08-24T00:50:17.602796,,,,,,VACANCY FOR TEMPORARY DATA ENTRY  STAFF 26 03 2020,http://www.cmst.mw/files/VACANCY_FOR_TEMPORARY_DATA_ENTRY _STAFF_26_03_2020.pdf
CMST Old Procurements,Central Medical Stores Trust (CMST),Medical Tender Document,,2026-08-24T00:50:17.602813,,,,,,JOB ADVERT FOR WAREHOUSE AND PROCUREMENT NOV 2020,http://www.cmst.mw/files/JOB_ADVERT_FOR_WAREHOUSE_AND_PROCUREMENT_NOV_2020.pdf
CMST Old Procurements,Central Medical Stores Trust (CMST),Medical Tender Document,,2026-08-24T00:50:17.602819,,,,,,Advert for Prequalification of Medicines 000387 ev 742017,http://www.cmst.mw/files/Advert_for_Prequalification_of_Medicines_000387_ev_742017.pdf
CMST Old Procurements,Central Medical Stores Trust (CMST),Medical Tender Document,,2026-08-24T00:50:17.602823,,,,,,HRAM VACANCY,http://www.cmst.mw/files/HRAM_VACANCY.pdf
CMST Old Procurements,Central Medical Stores Trust (CMST),Medical Tender Document,,2026-08-24T00:50:17.602826,,,,,,cmst corporate strategy 2015 to 2020,http://www.cmst.mw/files/cmst_corporate_strategy_2015_to_2020.pdf
CMST Old Procurements,Central Medical Stores Trust (CMST),Medical Tender Document,,2026-08-24T00:50:17.602829,,,,,,CMST HRAM Vacancy 1,http://www.cmst.mw/files/CMST_HRAM_Vacancy_1.pdf
CMST Old Procurements,Central Medical Stores Trust (CMST),Medical Tender Document,,2026-08-24T00:50:17.602832,,,,,,Advert for Pharmacy Technician&amp;Packer,http://www.cmst.mw/files/Advert_for_Pharmacy_Technician&amp;Packer.pdf
CMST Old Procurements,Central Medical Stores Trust (CMST),Medical Tender Document,,2026-08-24T00:50:17.602835,,,,,,ICB Intentio to award notice-CMST000535,http://www.cmst.mw/files/ICB_Intentio_to_award_notice-CMST000535.pdf
CMST Old Procurements,Central Medical Stores Trust (CMST),Medical Tender Document,,2026-08-24T00:50:17.602839,,,,,,Advert for Procurement of Insurance  Services  000824 ED,http://www.cmst.mw/files/Procurements/Advert_for_Procurement_of Insurance _Services _000824_ED.pdf
CMST Old Procurements,Central Medical Stores Trust (CMST),Medical Tender Document,,2026-08-24T00:50:17.602842,,,,,,PM VACANCY 14 AUGUST 2018,http://www.cmst.mw/files/PM_VACANCY_14_AUGUST_2018.pdf
CMST Old Procurements,Central Medical Stores Trust (CMST),Medical Tender Document,,2026-08-24T00:50:17.602845,,,,,,CMST HRAM VACANCY,http://www.cmst.mw/files/CMST_HRAM_VACANCY.pdf
CMST Old Procurements,Central Medical Stores Trust (CMST),Medical Tender Document,,2026-08-24T00:50:17.602848,,,,,,Advert for Procurement of Security Services  000835 ,http://www.cmst.mw/files/Procurements/Advert_for_Procurement_of_Security_Services _000835 .pdf
CMST Old Procurements,Central Medical Stores Trust (CMST),Medical Tender Document,,2026-08-24T00:50:17.602851,,,,,,000521 CMST ICB Intention to award notice ev L,http://www.cmst.mw/files/000521_CMST_ICB_Intention_to_award_notice_ev_L.pdf
CMST Old Procurements,Central Medical Stores Trust (CMST),Medical Tender Document,,2026-08-24T00:50:17.602854,,,,,,000549-CMST Advertisement (RFQ-PPE),http://www.cmst.mw/files/000549-CMST_Advertisement_(RFQ-PPE).pdf
CMST Old Procurements,Central Medical Stores Trust (CMST),Medical Tender Document,,2026-08-24T00:50:17.602857,,,,,,cmst business plan 2015 to 2020,http://www.cmst.mw/files/cmst_business_plan_2015_to_2020.pdf
CMST Old Procurements,Central Medical Stores Trust (CMST),Medical Tender Document,,2026-08-24T00:50:17.602860,,,,,,CMST ICT POLICY,http://www.cmst.mw/files/CMST_ICT_POLICY.pdf
CMST Old Procurements,Central Medical Stores Trust (CMST),Medical Tender Document,,2026-08-24T00:50:17.602863,,,,,,000690 Expression of Audit Mgt Software EDH Final,http://www.cmst.mw/files/000690_Expression_of_Audit_Mgt_Software_EDH_Final.pdf
CMST Old Procurements,Central Medical Stores Trust (CMST),Medical Tender Document,,2026-08-24T00:50:17.602867,,,,,,00052 CMST Advertisement ICB ev 00000002,http://www.cmst.mw/files/00052_CMST_Advertisement_ICB_ev_00000002.pdf
CMST Old Procurements,Central Medical Stores Trust (CMST),Medical Tender Document,,2026-08-24T00:50:17.602870,,,,,,000835 Security Services(NCB-Open)Intention to award notice rev,http://www.cmst.mw/files/000835_Security_Services(NCB-Open)Intention_to_award_notice_rev.pdf
CMST Old Procurements,Central Medical Stores Trust (CMST),Medical Tender Document,,2026-08-24T00:50:17.602873,,,,,,000848 CMST Advertisement(ICB)Hardware Software,http://www.cmst.mw/files/000848_CMST_Advertisement(ICB)Hardware_Software.pdf
CMST Old Procurements,Central Medical Stores Trust (CMST),Medical Tender Document,,2026-08-24T00:50:17.602876,,,,,,Covid supplies,http://www.cmst.mw/files/Covid_supplies.pdf
CMST Old Procurements,Central Medical Stores Trust (CMST),Medical Tender Document,,2026-08-24T00:50:17.602879,,,,,,CMST Advert for Provision of Auctioneering Services,http://www.cmst.mw/files/CMST_Advert_for_Provision_of_Auctioneering_Services.pdf
CMST Old Procurements,Central Medical Stores Trust (CMST),Medical Tender Document,,2026-08-24T00:50:17.602882,,,,,,Advertisement ICB ERP Equipment 00000003 ,http://www.cmst.mw/files/Advertisement_ICB_ERP_Equipment_00000003_.pdf
CMST Old Procurements,Central Medical Stores Trust (CMST),Medical Tender Document,,2026-08-24T00:50:17.602885,,,,,,catalogue update,http://www.cmst.mw/files/catalogue_update.pdf
CMST Old Procurements,Central Medical Stores Trust (CMST),Medical Tender Document,,2026-08-24T00:50:17.602888,,,,,,cmst hiv aids workplace policy,http://www.cmst.mw/files/cmst_hiv_aids_workplace_policy.pdf
CMST Old Procurements,Central Medical Stores Trust (CMST),Medical Tender Document,,2026-08-24T00:50:17.602891,,,,,,CMST ANNUAL REPORT FOR YE 30 JUNE 2018 7 DEC 2018,http://www.cmst.mw/files/CMST_ANNUAL_REPORT_FOR_YE_30_JUNE_2018_7_DEC_2018.pdf
CMST Old Procurements,Central Medical Stores Trust (CMST),Medical Tender Document,,2026-08-24T00:50:17.602895,,,,,,Vacancy Advert for DFA position Nov-2020,http://www.cmst.mw/files/Vacancy_Advert_for_DFA_position_Nov-2020.pdf
CMST Old Procurements,Central Medical Stores Trust (CMST),Medical Tender Document,,2026-08-24T00:50:17.602905,,,,,,COVID 000564 Advert RV,http://www.cmst.mw/files/COVID_000564_Advert_RV.pdf
CMST Old Procurements,Central Medical Stores Trust (CMST),Medical Tender Document,,2026-08-24T00:50:17.602909,,,,,,CMST Advertisement NCB Medicine and Medical Supplies ev,http://www.cmst.mw/files/CMST_Advertisement_NCB_Medicine_and_Medical_Supplies_ev.pdf
CMST Old Procurements,Central Medical Stores Trust (CMST),Medical Tender Document,,2026-08-24T00:50:17.602913,,,,,,trust deed,http://www.cmst.mw/files/trust_deed.pdf
CMST Old Procurements,Central Medical Stores Trust (CMST),Medical Tender Document,,2026-08-24T00:50:17.602924,,,,,,Advert for Expression of Interest for legal Services for 2020 GE,http://www.cmst.mw/files/Procurements/Advert_for_Expression_of_Interest_for_legal_Services_for_2020_GE.pdf
CMST Old Procurements,Central Medical Stores Trust (CMST),Medical Tender Document,,2026-08-24T00:50:17.602927,,,,,,CMST Advert Vacancy Procurement Director 20 April 2017,http://www.cmst.mw/files/CMST_Advert_Vacancy_Procurement_Director_20_April_2017.pdf
CMST Old Procurements,Central Medical Stores Trust (CMST),Medical Tender Document,,2026-08-24T00:50:17.602930,,,,,,Annual Report YE June 2020,http://www.cmst.mw/files/Annual_Report_YE_June_2020.pdf
CMST Old Procurements,Central Medical Stores Trust (CMST),Medical Tender Document,,2026-08-24T00:50:17.602934,,,,,,Job Advert for SSO,http://www.cmst.mw/files/Job_Advert_for_SSO.pdf
CMST Old Procurements,Central Medical Stores Trust (CMST),Medical Tender Document,,2026-08-24T00:50:17.602937,,,,,,CMST-G-MMS-020-000570 Advert Refloted-ev 000570,http://www.cmst.mw/files/CMST-G-MMS-020-000570_Advert_Refloted-ev_000570.pdf
CMST Old Procurements,Central Medical Stores Trust (CMST),Medical Tender Document,,2026-08-24T00:50:17.602940,,,,,,Expression of Interest Installation of Temperature Monitoring System ED,http://www.cmst.mw/files/Expression_of_Interest_Installation_of_Temperature_Monitoring_System_ED.pdf
CMST Old Procurements,Central Medical Stores Trust (CMST),Medical Tender Document,,2026-08-24T00:50:17.602944,,,,,,CMST Advert Vacancy Procurement Director 12 October 2016,http://www.cmst.mw/files/CMST_Advert_Vacancy_Procurement_Director_12_October_2016.pdf
CMST Old Procurements,Central Medical Stores Trust (CMST),Medical Tender Document,,2026-08-24T00:50:17.602947,,,,,,Addendum no.1 Tech Specs Clarifications for NCB CMST G MMS 020 000570 Medical Supplies,http://www.cmst.mw/files/Addendum_no.1_Tech_Specs_Clarifications_for_NCB_CMST_G_MMS_020_000570_Medical_Supplies.pdf
CMST Old Procurements,Central Medical Stores Trust (CMST),Medical Tender Document,,2026-08-24T00:50:17.603126,,,,,,000846 CMST Advertisement(ICB)RACKING REACH TRUCK,http://www.cmst.mw/files/000846_CMST_Advertisement(ICB)RACKING_REACH_TRUCK.pdf
CMST Old Procurements,Central Medical Stores Trust (CMST),Medical Tender Document,,2026-08-24T00:50:17.603137,,,,,,CMST VACANCY OF PACKER MS11 2,http://www.cmst.mw/files/CMST_VACANCY_OF_PACKER_MS11_2.pdf
CMST Old Procurements,Central Medical Stores Trust (CMST),Medical Tender Document,,2026-08-24T00:50:17.603140,,,,,,Vacancy CEO,http://www.cmst.mw/files/Vacancy_CEO.pdf
CMST Old Procurements,Central Medical Stores Trust (CMST),Medical Tender Document,,2026-08-24T00:50:17.603143,,,,,,3rd Annual Stakeholder Review Meeting,http://www.cmst.mw/files/3rd_Annual_Stakeholder_Review_Meeting.pdf
CMST Old Procurements,Central Medical Stores Trust (CMST),Medical Tender Document,,2026-08-24T00:50:17.603152,,,,,,CMST DPO VACANCY AUGUST 30,http://www.cmst.mw/files/CMST_DPO_VACANCY_AUGUST_30.pdf
CMST Old Procurements,Central Medical Stores Trust (CMST),Medical Tender Document,,2026-08-24T00:50:17.603157,,,,,,CMST Advertisement ICB medicines ev 482020,http://www.cmst.mw/files/CMST_Advertisement_ICB_medicines_ev_482020.pdf
CMST Old Procurements,Central Medical Stores Trust (CMST),Medical Tender Document,,2026-08-24T00:50:17.603160,,,,,,RFQ 000865 IT training software and printers,http://www.cmst.mw/files/RFQ_000865_IT_training_software_and_printers.pdf
CMST Old Procurements,Central Medical Stores Trust (CMST),Medical Tender Document,,2026-08-24T00:50:17.603163,,,,,,newsletter december 2016,http://www.cmst.mw/files/newsletter_december_2016.pdf
CMST Old Procurements,Central Medical Stores Trust (CMST),Medical Tender Document,,2026-08-24T00:50:17.603166,,,,,,Prequalification advert for goods works and services 2021 Final 2,http://www.cmst.mw/files/Prequalification_advert_for_goods_works_and_services_2021_Final_2.pdf
CMST Old Procurements,Central Medical Stores Trust (CMST),Medical Tender Document,,2026-08-24T00:50:17.603169,,,,,,ANNUAL REPORT FY ENDING JUNE 2019,http://www.cmst.mw/files/ANNUAL_REPORT_FY_ENDING_JUNE_2019.pdf
CMST Old Procurements,Central Medical Stores Trust (CMST),Medical Tender Document,,2026-08-24T00:50:17.603172,,,,,,Tender Provision of distribution services,http://www.cmst.mw/files/Tender_Provision_of_distribution_services.pdf
CMST Old Procurements,Central Medical Stores Trust (CMST),Medical Tender Document,,2026-08-24T00:50:17.603176,,,,,,CMST Advert Vacancy for Procurement Manager Sept 2017,http://www.cmst.mw/files/CMST_Advert_Vacancy_for_Procurement_Manager_Sept_2017.pdf
CMST Old Procurements,Central Medical Stores Trust (CMST),Medical Tender Document,,2026-08-24T00:50:17.603180,,,,,,000575 CMST Advertisement ICB Medicines,http://www.cmst.mw/files/000575_CMST_Advertisement_ICB_Medicines.pdf
CMST Old Procurements,Central Medical Stores Trust (CMST),Medical Tender Document,,2026-08-24T00:50:17.603183,,,,,,Intention to award notice ev L(ICB),http://www.cmst.mw/files/Intention_to_award_notice_ev_L(ICB).pdf
CMST Old Procurements,Central Medical Stores Trust (CMST),Medical Tender Document,,2026-08-24T00:50:17.603186,,,,,,RFP Internet VPN Final ED 2,http://www.cmst.mw/files/RFP_Internet_VPN_Final_ED_2.pdf
CMST Old Procurements,Central Medical Stores Trust (CMST),Medical Tender Document,,2026-08-24T00:50:17.603189,,,,,,cmst corruption and afraud prevention policy,http://www.cmst.mw/files/cmst_corruption_and_afraud_prevention_policy.pdf
CMST Old Procurements,Central Medical Stores Trust (CMST),Medical Tender Document,,2026-08-24T00:50:17.603192,,,,,,000531 POA-CO-Approved SBD IQA unprequalified Medicines,http://www.cmst.mw/files/000531_POA-CO-Approved_SBD_IQA_unprequalified_Medicines.pdf
CMST Old Procurements,Central Medical Stores Trust (CMST),Medical Tender Document,,2026-08-24T00:50:17.603195,,,,,,ev 000564 CMST Advertisement ICB Intention to award notice,http://www.cmst.mw/files/ev_000564_CMST_Advertisement_ICB_Intention_to_award_notice.pdf
CMST Old Procurements,Central Medical Stores Trust (CMST),Medical Tender Document,,2026-08-24T00:50:17.603198,,,,,,RFQ  000549-Covid 19-PPE(2),http://www.cmst.mw/files/RFQ _000549-Covid_19-PPE(2).pdf
CMST RFQs,Central Medical Stores Trust (CMST),Medical Tender Document,,2026-08-24T00:50:18.914327,,,,,,000711 CMST (ICB) medicines,http://www.cmst.mw/files/000711_CMST_(ICB)_medicines.pdf
CMST RFQs,Central Medical Stores Trust (CMST),Medical Tender Document,,2026-08-24T00:50:18.914356,,,,,,001379 CCTV BIOMETRIC(NCB),http://www.cmst.mw/files/001379_CCTV_BIOMETRIC(NCB).pdf
CMST RFQs,Central Medical Stores Trust (CMST),Medical Tender Document,,2026-08-24T00:50:18.914361,,,,,,001384 MotorVehicles(NCB),http://www.cmst.mw/files/001384_MotorVehicles(NCB).pdf
CMST RFQs,Central Medical Stores Trust (CMST),Medical Tender Document,,2026-08-24T00:50:18.914365,,,,,,000712 CMST (ICB) Medical Supplies,http://www.cmst.mw/files/000712_CMST_(ICB)_Medical_Supplies.pdf
