Section,Title,Institution,PDF_Link,All_Columns
Intentions to Award,Institution,Reference No.,N/A,Title | Institution | Reference No. | Financial Year | Publish Date | Attachment
Intentions to Award,Kasungu District Council,NLGFC-MOH-WORKS/1-32/2022,https://ppda.mw/storage/documents/intentiontoaward/Notification of Rehabilitation Health facility.pdf,INTENTION TO AWARD ON REHABILITATION OF HALTH FACILITIES | Kasungu District Council | NLGFC-MOH-WORKS/1-32/2022 | 2023/2024 | 2023-07-26 | 
Intentions to Award,Ministry of Health,MOH/NCB/W/GF-GAVI/2022/047,https://ppda.mw/storage/documents/intentiontoaward/Intention to Award  Contracts for  Drilling of Boreholes.pdf,Procurement of Contractors to drill and construct 240 Boreholes in the various health facilities across the Country.. | Ministry of Health | MOH/NCB/W/GF-GAVI/2022/047 | 2022/2023 | 2023-07-27 | 
Intentions to Award,Ministry of Health,MOH/NCB/W/GF-GAVI/2022/047,https://ppda.mw/storage/documents/intentiontoaward/Intention to Award  Contracts for  Drilling of Boreholes.pdf,Intention to award Contracts for Drlling and Construction of 240 Boreholes in  different health facilities across the Country | Ministry of Health | MOH/NCB/W/GF-GAVI/2022/047 | 2022/2023 | 2023-07-27 | 
Intentions to Award,Northern Region Water Board,NRWB/01/23R,https://ppda.mw/storage/documents/intentiontoaward/NORTHERN REGION WATER BOARD Intention to Award.pdf,Procurement of Various Services | Northern Region Water Board | NRWB/01/23R | 2023- 2024 | 2023-08-03 | 
Intentions to Award,Electricity Supply Corporation of Malawi (ESCOM),ESCOM/08/08/2023,https://ppda.mw/storage/documents/intentiontoaward/ESCOM Intention to award 08-08-23.pdf,Provision of Support and Maintenance Services for ESCOM Corporate ICT Network on Framework Contract Agreement and Completion of works for ESCOM corporate ICT network upgrade | Electricity Supply Corporation of Malawi (ESCOM) | ESCOM/08/08/2023 | 2023/2024FY | 2023-08-09 | 
Intentions to Award,Electricity Supply Corporation of Malawi (ESCOM),ESCOM/09/08/2023,https://ppda.mw/storage/documents/intentiontoaward/ESCOM Intention to award 09-08-23.pdf,"Supply, Installation, Commissioning and Training of Core Switches, Supply and Delivery of Servers and Provision of Microsoft Licenses | Electricity Supply Corporation of Malawi (ESCOM) | ESCOM/09/08/2023 | 2023/2024FY | 2023-08-09 | "
Intentions to Award,Ministry of Education,250/IPDC/MoE/MUDEP/CS/IMMU/2023-24/2,https://ppda.mw/storage/documents/intentiontoaward/Intention to Award - CONSULTANCY SERVICES FOR SUPERVISION OF THE CONSTRCUTION OF INKOSI YAMAKHOSI MMBELWA UNIVERSITY.pdf,Consultancy Services for Supervision of Construction of Inkosi Ya Makhosi M'mbelwa University Staff Houses and Hostels | Ministry of Education | 250/IPDC/MoE/MUDEP/CS/IMMU/2023-24/2 | 2023/24 | 2023-08-19 | 
Intentions to Award,Ministry of Natural Resources and Climate Change,MW/MoNRCC/DOF/MWASIP/001/2023,https://ppda.mw/storage/documents/intentiontoaward/Intention to award Notice-MWASIP VEHICLES (2).pdf,Supply and Delivery of Motor Vehicles and Motor Cycles Under MWASIP | Ministry of Natural Resources and Climate Change | MW/MoNRCC/DOF/MWASIP/001/2023 | 2023/24 | 2023-08-24 | 
Intentions to Award,Ministry of Natural Resources and Climate Change,MW/MoNRCC/DOF/TLLP/005/2022,https://ppda.mw/storage/documents/intentiontoaward/Intention to award Notice-TLLP.pdf,Supply and Delivery of Motor Vehicles and Motor Cycles Under Transforming Landscapes and Livelihoods Project (TLLP) | Ministry of Natural Resources and Climate Change | MW/MoNRCC/DOF/TLLP/005/2022 | 2023/24 | 2023-08-24 | 
Intentions to Award,Ministry of Natural Resources and Climate Change,MoNRCC/DoF/MV/2023-24/001,https://ppda.mw/storage/documents/intentiontoaward/Intention to award Notice - FDMF.pdf,Supply and Delivery of Motor Vehicles Under Forestry Development and Management Fund (FDMF) | Ministry of Natural Resources and Climate Change | MoNRCC/DoF/MV/2023-24/001 | 2023/24 | 2023-08-24 | 
Intentions to Award,Electricity Generation Company (EGENCO),"EGC249/S/FY2022-23, EGC548/NCB/RT/W/FY2022-23, EGC512/NCB/W/FY2022-23",https://ppda.mw/storage/documents/intentiontoaward/Intention to Award Various Contracts - Combined Gas Turbine - Kanengo Diesel Engines - Tedzani Dam Repair.pdf,"NOTIFICATION OF INTENTION TO AWARD A CONTRACT | Electricity Generation Company (EGENCO) | EGC249/S/FY2022-23, EGC548/NCB/RT/W/FY2022-23, EGC512/NCB/W/FY2022-23 | 2022-23 | 2023-09-04 | "
Intentions to Award,Lilongwe Water Board,LWB-G-MVMC-23-24,https://ppda.mw/storage/documents/intentiontoaward/ADVERT-Notification of Intention to Award-LWB Motor Vehicles- 05 SEPTEMBER 2023.pdf,Supply and Delivery of Motor Vehicles | Lilongwe Water Board | LWB-G-MVMC-23-24 | 2023/2024 | 2023-09-05 | 
Intentions to Award,Central Region Water Board,PROJECT ID No: P-MW-E00-011,https://ppda.mw/storage/documents/intentiontoaward/NOTICE-DOWA DRCS PROJECT.pdf,CONSULTANCY SERVICES FOR DESIGN REVIEW AND CONSTRUCTION SUPERVISION FOR DOWA TOWN WATER SUPPLY & SANITATION PROJECT | Central Region Water Board | PROJECT ID No: P-MW-E00-011 | 2023/24 | 2023-09-04 | 
Intentions to Award,Chikwawa District Council,NLGFC-MoH-Works/2022,https://ppda.mw/storage/documents/intentiontoaward/NOTIFICATION FOR INTENTION TO AWARD FOR HEALTH REHAB .pdf,Notification of Intention to award Contract for Rehabilitation and Completion of various Health Centres in Chikwawa District | Chikwawa District Council | NLGFC-MoH-Works/2022 | 2023-24 | 2023-09-07 | 
Intentions to Award,Lilongwe Water Board,LWB-W-PFO-ZN-23-01,https://ppda.mw/storage/documents/intentiontoaward/ADVERT - NOTIFICATION OF INTENTION TO AWARD-PREFABRICATED OFFICE-20 SEPTEMBER 2023.pdf,"Design, Supply and Construction of Prefabricated Offices for Lilongwe Water Baord | Lilongwe Water Board | LWB-W-PFO-ZN-23-01 | 2023/2024 | 2023-09-20 | "
Intentions to Award,Electricity Generation Company (EGENCO),EGC281/NCB/S/FY2023-2024,https://ppda.mw/storage/documents/intentiontoaward/Notification of Intention To Award A Contract - Microsoft 365.pdf,Notification of Intention To Award A Contract - Microsoft 365 | Electricity Generation Company (EGENCO) | EGC281/NCB/S/FY2023-2024 | 2023-24 | 2023-09-28 | 
Intentions to Award,Ministry of Education,250/IPDC/MOE/MUDEP/CW/IMMU/23-24/2,https://ppda.mw/storage/documents/intentiontoaward/Intention to award notice .pdf,Construction of Male and Female Hostels for Inkosi Ya Makhosi M'Mbelwa University | Ministry of Education | 250/IPDC/MOE/MUDEP/CW/IMMU/23-24/2 | 2023-24 | 2023-10-25 | 
Intentions to Award,Export Development Fund - EDF,EDF/ERP/03/22,https://ppda.mw/storage/documents/intentiontoaward/NOTICE OF INTENTION TO AWARD - IEMIS.pdf,PROCUREMENT OF IEMIS | Export Development Fund - EDF | EDF/ERP/03/22 | 2023 | 2023-10-25 | 
Intentions to Award,Malawi Investment and Trade Centre,MITC/IPDC/SEZ/WOR/CG09/023,https://ppda.mw/storage/documents/intentiontoaward/Construction of Access Roads at Chigumula Industrial Site.pdf,Construction of Access Roads at Chigumula Industrial Site in Blantyre | Malawi Investment and Trade Centre | MITC/IPDC/SEZ/WOR/CG09/023 | 2023-2024 Financial Year | 2023-10-27 | 
Intentions to Award,Malawi Investment and Trade Centre,MITC/IPDC/SEZ/WWM/CG08/023,https://ppda.mw/storage/documents/intentiontoaward/Construction of Sewer System at Chigumula Industrial Site in Blantyre.pdf,Construction of Sewer System at Chigumula Industrial Site in Blantyre | Malawi Investment and Trade Centre | MITC/IPDC/SEZ/WWM/CG08/023 | 2023-2024 Financial Year | 2023-10-27 | 
Intentions to Award,Malawi Gaming and Lotteries Authority,MGB/IPDC/22/06/005,https://ppda.mw/storage/documents/intentiontoaward/EMS-Intention to award.pdf,NOTIFICATION OF INTENTION TO AWARD CONTRACT | Malawi Gaming and Lotteries Authority | MGB/IPDC/22/06/005 | 2023/24 | 2023-11-01 | 
Intentions to Award,Ministry of Health,031-01-HSJF-GPK-22/23-G-ICB-065,https://ppda.mw/storage/documents/intentiontoaward/INTENTION TO AWARD NOTICE -  KA GAS PLANT.docx.pdf,"Supply, Delivery, Installation and Commissioning of a Pressure Swing Adsorption Gas Generator System for Karonga District Hospital | Ministry of Health | 031-01-HSJF-GPK-22/23-G-ICB-065 | 2023/2024 | 2023-11-04 | "
Intentions to Award,Electricity Generation Company (EGENCO),EGC073/RT- NCB/G/FY2023-24,https://ppda.mw/storage/documents/intentiontoaward/Intention to Award a Contract - Motor Vehicles.pdf,Intention to Award A Contract - Motor Vehicles | Electricity Generation Company (EGENCO) | EGC073/RT- NCB/G/FY2023-24 | 2023-24 | 2023-11-10 | 
Intentions to Award,Ministry of Education,BTTC/CS/TD1/2023/2024,https://ppda.mw/storage/documents/intentiontoaward/INTENTION TO AWARD CONTRACT - 2023.pdf,Intention to award catering services | Ministry of Education | BTTC/CS/TD1/2023/2024 | 2023/24 | 2023-11-24 | 
Intentions to Award,Lilongwe University of Agriculture and Natural Resources -Bunda Campus,LUANAR/QCBS/NP/202202023,https://ppda.mw/storage/documents/intentiontoaward/notification of award- Library (1) PDF.pdf,Design and Supervision of Multi Storey building | Lilongwe University of Agriculture and Natural Resources -Bunda Campus | LUANAR/QCBS/NP/202202023 | 2023-2024 | 2023-11-27 | 
Intentions to Award,Roads Authority,"RA/MAI/2023-24/T/DS/SR/MH/54, RA/MAI/2023-24/T/DS/SR/MH/55, and RA/MAI/2023-24/T/DS/SR/CK/56",https://ppda.mw/storage/documents/intentiontoaward/Notification of Intention to award_04122023_RA Maintenance Works.pdf,"Road and Bridge Maintenance Works | Roads Authority | RA/MAI/2023-24/T/DS/SR/MH/54, RA/MAI/2023-24/T/DS/SR/MH/55, and RA/MAI/2023-24/T/DS/SR/CK/56 | 2023/2024 | 2023-12-05 | "
Intentions to Award,Electricity Generation Company (EGENCO),"EGC163/ICB/G/FY2022-23, EGC306//NCB/S/FY2023",https://ppda.mw/storage/documents/intentiontoaward/Notification of Intention to Award a Contract - Transformers - Group Life Insurance.pdf,"Notification of Intention to Award a Contract - Transformers - Group Life Insurance | Electricity Generation Company (EGENCO) | EGC163/ICB/G/FY2022-23, EGC306//NCB/S/FY2023 | 2022-23 | 2023-12-21 | "
Intentions to Award,Lilongwe University of Agriculture and Natural Resources -Bunda Campus,LUANAR/MOTOVEHICLE/CITY CAMPUS,https://ppda.mw/storage/documents/intentiontoaward/RFQ MOTOR CITY 2.pdf,PROCUREMENT OF MOTOR VEHICLE | Lilongwe University of Agriculture and Natural Resources -Bunda Campus | LUANAR/MOTOVEHICLE/CITY CAMPUS | 2023-2024 | 2024-01-02 | 
Intentions to Award,Lilongwe University of Agriculture and Natural Resources -Bunda Campus,LUANAR/FOODMA/BUNDA,https://ppda.mw/storage/documents/intentiontoaward/RFQ FoodMA Laboratory.pdf,PROCUREMENT OF LABORATORY ITEMS | Lilongwe University of Agriculture and Natural Resources -Bunda Campus | LUANAR/FOODMA/BUNDA | 2023-2024 | 2024-01-06 | 
Intentions to Award,Ministry of Education,O25-MOE-IPDC-G-2023-2024-01,https://ppda.mw/storage/documents/intentiontoaward/INTENTION TO AWARD NOTICE.pdf,Supply and Delivery of Visual Impairments Materials | Ministry of Education | O25-MOE-IPDC-G-2023-2024-01 | 2023-24 | 2024-01-09 | 
Intentions to Award,Airport Development Limited- ADL,ADL/LHE/100/23,https://ppda.mw/storage/documents/intentiontoaward/NOTICE OF INTENTION TO AWARD A CONTRACT.pdf,Construction of Twenty-Four (24) Semi-detached Houses Within Lumbadzi Housing Estate | Airport Development Limited- ADL | ADL/LHE/100/23 | 2023/2024 | 2024-01-12 | 
Intentions to Award,Ministry of Health,MOH/NCB/G/GF/COVID/2023/001,https://ppda.mw/storage/documents/intentiontoaward/INTENTION TO AWARD - Push Bicycles.pdf,"Supply and Delivery of 2,700 Heavy Duty Push Bicycles for Global Fund | Ministry of Health | MOH/NCB/G/GF/COVID/2023/001 | 2023 | 2024-01-19 | "
Intentions to Award,Ministry of Health,MOH/NCB/W-GF/2022/037 (Lot 2),https://ppda.mw/storage/documents/intentiontoaward/INTENTION TO AWARD - Renovation Quens Ward 3A and 3B.pdf,Renovation of Queen Elizabeth Central Hospital Ward 3A and Ward 3B under Global Fund PIU | Ministry of Health | MOH/NCB/W-GF/2022/037 (Lot 2) | 2022 | 2024-01-19 | 
Intentions to Award,Lilongwe University of Agriculture and Natural Resources -Bunda Campus,LUANAR/2023-24/03220,https://ppda.mw/storage/documents/intentiontoaward/RFQ TYRES ADMIN.pdf,SUPPLY AND DELIVERY OF TYRES | Lilongwe University of Agriculture and Natural Resources -Bunda Campus | LUANAR/2023-24/03220 | 2023-2024 | 2024-02-02 | 
Intentions to Award,Lilongwe University of Agriculture and Natural Resources -Bunda Campus,LUANAR/2023-24/033,https://ppda.mw/storage/documents/intentiontoaward/RFQ SMART ANDROID.pdf,SUPPLY AND DELIVERY OF SMART ANDROID | Lilongwe University of Agriculture and Natural Resources -Bunda Campus | LUANAR/2023-24/033 | 2023-2024 | 2024-02-02 | 
Intentions to Award,Lilongwe University of Agriculture and Natural Resources -Bunda Campus,LUANAR/2023-2024/034,https://ppda.mw/storage/documents/intentiontoaward/RFQ SAVE STATIONERY.pdf,SUPPLY AND DELIVERY OF ASSORTED STATIONERY | Lilongwe University of Agriculture and Natural Resources -Bunda Campus | LUANAR/2023-2024/034 | 2023-2024 | 2024-02-02 | 
Intentions to Award,Ministry of Education,025/MoE/IPDC/NCB/G/2023-24/03,https://ppda.mw/storage/documents/intentiontoaward/INTENTION TO AWARD CONTRACT-DODeL.pdf,Supply and Delivery of Technology Enabled Learning Gadgets | Ministry of Education | 025/MoE/IPDC/NCB/G/2023-24/03 | 2023-2024 | 2024-02-08 | 
Intentions to Award,Lilongwe University of Agriculture and Natural Resources -Bunda Campus,LUANAR/BUNDA/NOTIFICATION/001/2024,https://ppda.mw/storage/documents/intentiontoaward/notification of award.pdf,NOTIFICATION OF AWARD | Lilongwe University of Agriculture and Natural Resources -Bunda Campus | LUANAR/BUNDA/NOTIFICATION/001/2024 | 2023-2024 | 2024-02-12 | 
Intentions to Award,Blantyre Water Board,BWB/LOCKABLE CHAMBERS/2024/1,https://ppda.mw/storage/documents/intentiontoaward/NOTIFICATION OF INTENTION TO AWARD - MTIMA WANKHOSA).pdf,Construction of Lockable Chambers | Blantyre Water Board | BWB/LOCKABLE CHAMBERS/2024/1 | 2023/2024 | 2024-02-20 | 
Intentions to Award,Central Region Water Board,CRWB/W/KK/23,https://ppda.mw/storage/documents/intentiontoaward/INTENTION-IMPEC LUWONA.pdf,SUPPLY & INSTALLATION OF SOLAR PUMPING SYSTEM AT CHITENJE PLANT IN NKHOTAKOTA | Central Region Water Board | CRWB/W/KK/23 | 2023/24 | 2024-02-15 | 
Intentions to Award,Lilongwe City Council,IPDC024/05/23,https://ppda.mw/storage/documents/intentiontoaward/Notice of Intention to Award Contract.pdf,INTENTION TO AWARD CONTRACT FOR CONSTRUCTION OF LINGADZI BRIDGE | Lilongwe City Council | IPDC024/05/23 | 2022/2023 | 2024-02-17 | 
Intentions to Award,Malawi Police Service,MPS/NCB/07/10/2023,https://ppda.mw/storage/documents/intentiontoaward/MPS-NOTIFICATION_OF_INTENTION_TO_AWARD_CONTRACT_UNIFORM.pdf,"Procurement of Boots, Shoes & Socks,  Police Uniform Cloth, Caps, Hats, and Berets Flags Cane Sticks, Badges of Ranks and Metal Accessories Other Uniform Accessories Belts & Sashes | Malawi Police Service | MPS/NCB/07/10/2023 | 2023/2024 | 2024-03-01 | "
Intentions to Award,Department of Disaster Management Affairs,090/RFQ/IPDC/DoDMA/2023-24/059,https://ppda.mw/storage/documents/intentiontoaward/INTENTION TO AWARD TO PROCURE WATER GUARD.pdf,Supply and Delivery of Water Guard | Department of Disaster Management Affairs | 090/RFQ/IPDC/DoDMA/2023-24/059 | 2023/24 | 2024-03-05 | 
Intentions to Award,Malawi Police Service,MPS/IPDC/12/01/2023-24/MLANGENI PTS,https://ppda.mw/storage/documents/intentiontoaward/NOTIFICATION OF INTENTION TO AWARD CONTRACT BREATHALYSERS & SPEED CAMERAS[1].pdf,"Procurement of Breathalysers and Speed Cameras, Provision of Motor Vehicle & Cycle Insurance Services, Motor Vehicle & Cycle Insurance Services and Construction of Mlangeni PTS Boys Hostel | Malawi Police Service | MPS/IPDC/12/01/2023-24/MLANGENI PTS | 2023/2024 | 2024-03-05 | "
Intentions to Award,National Economic Empowerment Fund Limited -NEEF,NEEF/OTMC/01274/24,https://ppda.mw/storage/documents/intentiontoaward/NOTICE OF AWARD INTENTION MOTORCYCLES IN LOTS FEB 2024  FINAL.pdf,SUPPLY AND DELIVERY OF MOTORCYCLES INTENTION TO AWARD | National Economic Empowerment Fund Limited -NEEF | NEEF/OTMC/01274/24 | 2023/2024 & 2024/2025 | 2024-03-05 | 
Intentions to Award,Malawi Police Service,MPS/NCB/12/01/2024/C/B,https://ppda.mw/storage/documents/intentiontoaward/000012- MPS CORRECTION NOTICE[1].pdf,"Procurement of Construction of Mlangeni PTS Boys Hostel, Provision of Motor Vehicle & Cycle Insurance Services, Breathalysers and Speed Cameras | Malawi Police Service | MPS/NCB/12/01/2024/C/B | 2023- 2024 | 2024-03-05 | "
Intentions to Award,Phalombe District Council,GESD/2023-2024,https://ppda.mw/storage/documents/intentiontoaward/intention to award.pdf,GESD PROJECTS | Phalombe District Council | GESD/2023-2024 | 2024 | 2024-03-14 | 
Intentions to Award,Electricity Supply Corporation of Malawi (ESCOM),ESC001/NCB/N/G/FY2023-24,https://ppda.mw/storage/documents/intentiontoaward/Notification of Intention to Award Contract -autoreclosers.pdf,Supply and delivery of autoreclosers | Electricity Supply Corporation of Malawi (ESCOM) | ESC001/NCB/N/G/FY2023-24 | 2023-24 | 2024-03-19 | 
Intentions to Award,Malawi Posts Corporation,MPC/MV/P/01/24,https://ppda.mw/storage/documents/intentiontoaward/NOTIFICATION OF INTENTION TO AWARD.pdf,Supply and Delivery of Brand New Motor Vehicles | Malawi Posts Corporation | MPC/MV/P/01/24 | 23/24 Financial year | 2024-03-20 | 
Intentions to Award,Mangochi District Council,MHDC/PUBLICWORKS/DDF/W/2023-24,https://ppda.mw/storage/documents/intentiontoaward/Notification of Intention to Award for DDF Projects.pdf,NOTIFICATION OF INTENTION TO AWARD OF CONTRACT FOR REHABILITATION OF BUILDINGS IN MANGOCHI DISTRICT | Mangochi District Council | MHDC/PUBLICWORKS/DDF/W/2023-24 | 2023-2024 | 2024-03-21 | 
Intentions to Award,ADMARC,ADMARC/GD/NCB/2024/01,https://ppda.mw/storage/documents/intentiontoaward/INTENTION TO AWARD NOTICE-ADMARC.pdf,"Supply, Delivery Installation, Commissioning, User Training and After Sale Service of Ten (10) New Multi Grain Dryers for ADMARC Limited | ADMARC | ADMARC/GD/NCB/2024/01 | 2024/2025 | 2024-04-30 | "
Intentions to Award,National Economic Empowerment Fund Limited -NEEF,NEEF/MV/01276/2024,https://ppda.mw/storage/documents/intentiontoaward/NOTICE OF AWARD INTENTION MOTOR VEHICLES MAY 2024  FINAL NEWS.pdf,SUPPLY AND DELIVERY OF TEN 4X4 DOUBLE CABIN MOTOR VEHICLES | National Economic Empowerment Fund Limited -NEEF | NEEF/MV/01276/2024 | FY2024/25 | 2024-05-15 | 
Intentions to Award,Zomba City Council,ZCC/RFA/RD/ENG/CON/2024-2025/01,https://ppda.mw/storage/documents/intentiontoaward/ZA CC- Intention_to_Award_Notice_for__Road_Projects_2024-2025[1].pdf,"Procurement of Design, Review, Rehabilitation and Construction Supervision of Various Roads in Zomba City. | Zomba City Council | ZCC/RFA/RD/ENG/CON/2024-2025/01 | 2024/2025 | 2024-05-13 | "
Intentions to Award,Statutory Corporations,MU/IPDC/05/2024,https://ppda.mw/storage/documents/intentiontoaward/1 Invitation to tender - Stationery and Computer Consumables - May^LJ 2024(1)(1).pdf,SUPPLY AND DELIVERY OF STATIONERY AND COMPUTER CONSUMABLES UNDER FRAMEWORK AGREEMENT | Statutory Corporations | MU/IPDC/05/2024 | 2024/2025 | 2024-05-28 | 
Intentions to Award,Statutory Corporations,MU/IPDC/06/2024,https://ppda.mw/storage/documents/intentiontoaward/2 Invitation to tender - Cleaning Materials - May^LJ 2024(1)(2).pdf,SUPPLY AND DELIVERY OF CLEANING MATERIALS UNDER FRAMEWORK AGREEMENT | Statutory Corporations | MU/IPDC/06/2024 | 2024/2025 | 2024-05-28 | 
Intentions to Award,Blantyre City Council,BCC/WORKS/03/05/01/LGF/2024-25,https://ppda.mw/storage/documents/intentiontoaward/INTENTION TO AWARD CONTRACT FOR REHABILITATION OF MIBAWA MINIBUS TERMINAL IN BLANTYRE CITY -JUNE 2024.pdf,REHABILITATION OF MIBAWA MINBUS TERMINAL IN BLANTYRE CITY | Blantyre City Council | BCC/WORKS/03/05/01/LGF/2024-25 | 2024-2025 | 2024-06-10 | 
Intentions to Award,Chancellor College,G29-01-24,https://ppda.mw/storage/documents/intentiontoaward/1. Notification of Intention to Award a Contract Notice- UNIMA.pdf,"Supply and delivery of Desktop Computer All in One, Laptop computers and MacBook Pro Laptops | Chancellor College | G29-01-24 | 2024/2025 | 2024-07-01 | "
Intentions to Award,Electricity Generation Company (EGENCO),EGC605/ICB/G/FY2023-24,https://ppda.mw/storage/documents/intentiontoaward/Notification of Intention to Award a Contract – Trash Rake.pdf,NOTIFICATION OF INTENTION TO AWARD A CONTRACT - TRASH RAKING MACHINE | Electricity Generation Company (EGENCO) | EGC605/ICB/G/FY2023-24 | 2023-24 | 2024-07-09 | 
Intentions to Award,Electricity Supply Corporation of Malawi (ESCOM),ESC027/NCB/G/FY2023-24,https://ppda.mw/storage/documents/intentiontoaward/NOTIFICATION OF INTENTION TO AWARD CONTRACT FOR SUPPLY AND DELIVERY OF SINGLE PHASE METERS.pdf,SUPPLY AND DELIVERY OF SINGLE PHASE PREPAID ENERGY METERS | Electricity Supply Corporation of Malawi (ESCOM) | ESC027/NCB/G/FY2023-24 | 2024 - 2025 | 2024-07-10 | 
Intentions to Award,Ntchisi District Council,VARIOUS,https://ppda.mw/storage/documents/intentiontoaward/Notification of Award GESD Ntchisi.pdf,INTENTION TO AWARD ON GESD PROJECTS IN NTCHISI DISTRICT | Ntchisi District Council | VARIOUS | 2023/2024 | 2024-07-03 | 
Intentions to Award,Ministry of Health,031-01-HSJF-PU-23/24-G-ICB-056,https://ppda.mw/storage/documents/intentiontoaward/INTENTION TO AWARD NOTICE -  MEDICAL FURNITURE 11_7_24.pdf,"Supply, Delivery, Installation and Commissioning of Medical Furniture | Ministry of Health | 031-01-HSJF-PU-23/24-G-ICB-056 | 2024/2025 | 2024-07-15 | "
Intentions to Award,Mangochi District Council,MHDC/GESD/W/2023-24/01,https://ppda.mw/storage/documents/intentiontoaward/scanned notification gesd 2023-2024 FY.pdf,NOTIFICATION OF INTENTION TO AWARD GESD PROJECT (2023-2024 FY)S | Mangochi District Council | MHDC/GESD/W/2023-24/01 | 2023-2024 FINANCIAL YEAR | 2024-08-02 | 
Intentions to Award,Mangochi District Council,MHDC/RF/W/2024-25,https://ppda.mw/storage/documents/intentiontoaward/Notification of intention to award for Roads 2024.pdf,RESHAPING AND DRAINAGE | Mangochi District Council | MHDC/RF/W/2024-25 | 2024-2025 | 2024-08-02 | 
Intentions to Award,Central Region Water Board,CRWB/G/MV/2024,https://ppda.mw/storage/documents/intentiontoaward/NOTICE-4X4-CRWB.pdf,SUPPLY & DELIVERY OF 4X4 PICKUPS | Central Region Water Board | CRWB/G/MV/2024 | 2024/25 | 2024-08-12 | 
Intentions to Award,Greenbelt Authority,GBA/IPDC/W/ICB/NTHOLA/2024/25,https://ppda.mw/storage/documents/intentiontoaward/INTENTION TO CONTRACT AWARD NOTICES FOR RICE SCHEME-1.pdf,Intention to award contracts for Construction of Nthola Ilora Rice Irrigation Scheme | Greenbelt Authority | GBA/IPDC/W/ICB/NTHOLA/2024/25 | 2024/2025 | 2024-08-13 | 
Intentions to Award,Greenbelt Authority,GBA/IPDC/NCB/W/KARONGA/RICE/2024/25,https://ppda.mw/storage/documents/intentiontoaward/INTENTION TO CONTRACT AWARD NOTICES FOR CONSTRUCTION OF NTHOLA ILORA RICE FACTORY INFRASTRUCTURES.pdf,Intention to award contracts for construction of Nthola Ilora Rice Factory Infrastructures | Greenbelt Authority | GBA/IPDC/NCB/W/KARONGA/RICE/2024/25 | 2024/2025 | 2024-08-13 | 
Intentions to Award,Ministry of Education,250/IPDC/MoE/EIMU/W/2023-24/2,https://ppda.mw/storage/documents/intentiontoaward/Intention to award Adla Lot 1 PDF.pdf,Intention to award a contract for construction of Schools of Excellence in Lilongwe district in Malawi | Ministry of Education | 250/IPDC/MoE/EIMU/W/2023-24/2 | 2024 to 2015 | 2024-08-17 | 
Intentions to Award,Roads Authority,VARIOUS,https://ppda.mw/storage/documents/intentiontoaward/Intention to Award Notice_Works and consultancies.pdf,Intention to Award Contracts for Road and Bridge Maintenance Works and Consultancy Services | Roads Authority | VARIOUS | 2024/25 | 2024-09-03 | 
Intentions to Award,Zomba City Council,INTENTION TO AWARD NOTICE FOR ROAD PROJECTS COMPLETION,https://ppda.mw/storage/documents/intentiontoaward/Intention to Award notice- Re-Tendered 2024.pdf,INTENTION TO AWARD NOTICE FOR ROAD PROJECTS COMPLETION | Zomba City Council | INTENTION TO AWARD NOTICE FOR ROAD PROJECTS COMPLETION | 2024-2025 | 2024-09-07 | 
Intentions to Award,Nalikule College of Education,MW-NCE-362977-CS-QCBS,https://ppda.mw/storage/documents/intentiontoaward/NOTIFICATION OF INTENTION TO AWARD.pdf,Consultancy Services for Design and Construction Supervision of Proposed Construction of Skills Centre at Nalikule College | Nalikule College of Education | MW-NCE-362977-CS-QCBS | 2024/2025 | 2024-09-19 | 
Intentions to Award,Malawi Police Service,MPS/NCB/B/M/2024-25,https://ppda.mw/storage/documents/intentiontoaward/001- MPS -INTENTION_TO_AWARD_FOR_FRAMEWORK_2024-25_Final_Doc[1].pdf,Procurement of Various Goods and Services for 2024/25 FY | Malawi Police Service | MPS/NCB/B/M/2024-25 | 2024/2025 | 2024-09-24 | 
Intentions to Award,Blantyre City Council,BCC/RFA/CEN-GOV-WORKS/03/08/01-08/2024-25,https://ppda.mw/storage/documents/intentiontoaward/INTENTION TO AWARD CONTRACT FOR VARIOUS CIVIL WORKS IN BLANTYRE CITY -SEPTEMBER 2024 Add Information.pdf,PROCUREMENT OF VARIOUS CIVIL WORKS IN BLANTYRE CITY | Blantyre City Council | BCC/RFA/CEN-GOV-WORKS/03/08/01-08/2024-25 | 2024-2025 | 2024-09-25 | 
Intentions to Award,Mangochi Town Council,MHMC/ADMIN/PO/011,"https://ppda.mw/storage/documents/intentiontoaward/Oct 2, Doc 1.pdf","NOTIFICATION OF AWARD FOR THE PROCUREMENT OF WORKS, CITY ROADS AND IDF, & LGR PROJECTS | Mangochi Town Council | MHMC/ADMIN/PO/011 | 2024-2025 | 2024-10-02 | "
Intentions to Award,Malawi Prison Service,NCB/PRIS/MW/UNF/2024-2025/2  AND MW/PRIS/F/2024-2025/3,"https://ppda.mw/storage/documents/intentiontoaward/INTENTION TO AWARD CONTRACT FOR STAFF UNIFORMS LOT 1, 2 & 3.pdf",PROCUREMENT OF STAFF UNIFORMS AND ACCESSORIES / FERTILIZER | Malawi Prison Service | NCB/PRIS/MW/UNF/2024-2025/2  AND MW/PRIS/F/2024-2025/3 | 2024/25 | 2024-10-14 | 
Intentions to Award,Roads Authority,RA/DEV/BR/MJ/2024-25/06,https://ppda.mw/storage/documents/intentiontoaward/Notification of Intention to award_14102024.pdf,Completion of the Construction of Thuchila Bridge along M03 Road at Nkando Trading Centre in Mulanje District | Roads Authority | RA/DEV/BR/MJ/2024-25/06 | 2024-25 | 2024-10-16 | 
Intentions to Award,ADMARC,ADMARC/EOI/ERP-IMIS/2024/05/04,https://ppda.mw/storage/documents/intentiontoaward/ADVERT - INTENTION TO AWARD.pdf,"Consultancy Services for Designing, Development, Installation, Commissioning, User Training, Warranty and Maintenance of an Integrated Management Information System | ADMARC | ADMARC/EOI/ERP-IMIS/2024/05/04 | 2024/2025 | 2024-10-27 | "
Intentions to Award,Ministry of Education,025/MoE/IPDC/NCB/G/2024-25/02,https://ppda.mw/storage/documents/intentiontoaward/INTENTION TO AWARD CONTRACT  NOTICE FOR SUPPLY AND DELIVERY OF  DESKS.pdf,INTENTION TO AWARD NOTICE FOR SUPPLY AND DELIVERY OF DESKS | Ministry of Education | 025/MoE/IPDC/NCB/G/2024-25/02 | 2024-25 | 2024-10-30 | 
Intentions to Award,Blantyre City Council,BCC/RFA/CEN-GOV-WORKS/03/09/01/2024-25,https://ppda.mw/storage/documents/intentiontoaward/INTENTION TO AWARD CONTRACT FOR LOT 17 AND LOT 18 IN BLANTYRE CITY -NOVEMBER 2024.pdf,RESHAPING AND ASSOCIATED ROUTINE MAINTENANCE OF VARIOUS CIVIL WORKS IN BLANTYRE CITY-LOT 17 AND LOT 18 | Blantyre City Council | BCC/RFA/CEN-GOV-WORKS/03/09/01/2024-25 | 2024-2025 | 2024-11-04 | 
Intentions to Award,Central Region Water Board,CRWB/NCS/SS/2024-25,https://ppda.mw/storage/documents/intentiontoaward/NOTICE-SECURITY.pdf,PROVISION OF SECURITY SERVICES AT CRWB | Central Region Water Board | CRWB/NCS/SS/2024-25 | 2024/25 | 2024-11-05 | 
Intentions to Award,Malawi Police Service,MPS/NCB/08/06/2024-25,https://ppda.mw/storage/documents/intentiontoaward/NOTIFICATION OF INTENTION TO AWARD CONTRACTS (UNIFORM).pdf,NOFICATION OF INTENTION TO AWARD CONTRACTS | Malawi Police Service | MPS/NCB/08/06/2024-25 | 2024-2025 | 2024-11-08 | 
Intentions to Award,Roads Authority,RA/DEV/SADC/LAB/2024-25/11,https://ppda.mw/storage/documents/intentiontoaward/Notification of Intention to Award_BitumenAsphalt Testing Equipment_13112024.pdf,"Supply, Delivery, Installation, Commissioning and Training of Bitumen and Asphalt Testing Equipment | Roads Authority | RA/DEV/SADC/LAB/2024-25/11 | 2024/25 | 2024-11-12 | "
Intentions to Award,Malawi Revenue Authority,PROC/REFRIGERATOR AND FANS/21/2024,https://ppda.mw/storage/documents/intentiontoaward/RFQ- FANS AND REFRIGERATOR.pdf,Procurement of Electric Fans and Refrigerators | Malawi Revenue Authority | PROC/REFRIGERATOR AND FANS/21/2024 | 2024 | 2024-11-26 | 
Intentions to Award,Ministry of Mining,480/MOM/NCB/EQP/24-25/01,https://ppda.mw/storage/documents/intentiontoaward/Notice for Intention to award a CONTRACT 2024.pdf,procurement of Mining Laboratory Equipment | Ministry of Mining | 480/MOM/NCB/EQP/24-25/01 | 24-25 fy | 2024-12-03 | 
Intentions to Award,Ministry of Education,025/MoE/IPDC/NCB/G/2024-25/05,https://ppda.mw/storage/documents/intentiontoaward/INTENTION TO AWARD CONTRACT FOR SCIENCE CONSUMABLES.pdf,Intention to Award Notice for Supply and Delivery of Science and Technical Subjects Consumables | Ministry of Education | 025/MoE/IPDC/NCB/G/2024-25/05 | 2024-25 | 2024-12-10 | 
Intentions to Award,Roads Authority,VARIOUS,https://ppda.mw/storage/documents/intentiontoaward/Notification of Intention to award_Maintenance_23122024A.pdf,Road and Bridge Maintenance Programme Phase I | Roads Authority | VARIOUS | 2024/25 | 2024-12-20 | 
Intentions to Award,Reserve Bank of Malawi,RBM/ADMIN/32/2024,https://ppda.mw/storage/documents/intentiontoaward/Intention to award Contracts Notice-Luxury Bus.pdf,Intention to Award a Contract for the Supply of Passenger Luxury Coach | Reserve Bank of Malawi | RBM/ADMIN/32/2024 | 2024 | 2025-01-07 | 
Intentions to Award,Lilongwe University of Agriculture and Natural Resources -NRC Campus,ADMIN/NRC/01/BATTERY,https://ppda.mw/storage/documents/intentiontoaward/ADMIN BATTERIES -LUANAR -NRC CAMPUS -2025.pdf,ADMIN BATTERIES | Lilongwe University of Agriculture and Natural Resources -NRC Campus | ADMIN/NRC/01/BATTERY | 2024-2025 | 2025-01-13 | 
Intentions to Award,Blantyre City Council,BCC/WORKS/03/12/1-5/2024-25,https://ppda.mw/storage/documents/intentiontoaward/INTENTION TO AWARD CONTRACT FOR VARIOUS CIVIL WORKS FOR REHABILITATION OF ROADS AND BRIDGES IN BLANTYRE CITY -JANUARY 2025.pdf,PROCUREMENT OF WORKS FOR VARIOUS CIVIL WORKS IN BLANTYRE CITY | Blantyre City Council | BCC/WORKS/03/12/1-5/2024-25 | 2024-2025 | 2025-01-21 | 
Intentions to Award,testmbrs,T12345,https://ppda.mw/storage/documents/intentiontoaward/floor Plan(1).pdf,Procurement of water | testmbrs | T12345 | 2024/2025 | 2025-01-27 | 
Intentions to Award,testmbrs,T123456,https://ppda.mw/storage/documents/intentiontoaward/Fence.pdf,Procurement of Water1 | testmbrs | T123456 | 2024/2025 | 2025-01-27 | 
Intentions to Award,Malawi Revenue Authority,PROC/BLINDS/MWANZA/27/2024,https://ppda.mw/storage/documents/intentiontoaward/Mwanza Blinds RFQ.pdf,Procurement of Curtains and Blinds for Mwanza OSBP | Malawi Revenue Authority | PROC/BLINDS/MWANZA/27/2024 | 2024 | 2025-01-27 | 
Intentions to Award,Lilongwe University of Agriculture and Natural Resources -NRC Campus,LUANAR/WORKS/HOSTELS/2024-2025/001,https://ppda.mw/storage/documents/intentiontoaward/Notification of award- Hostels..pdf,Construction Works for Hostels at LUANAR | Lilongwe University of Agriculture and Natural Resources -NRC Campus | LUANAR/WORKS/HOSTELS/2024-2025/001 | 2024-2025 | 2025-01-28 | 
Intentions to Award,Reserve Bank of Malawi,RBM/ ICT/35/2024,https://ppda.mw/storage/documents/intentiontoaward/Intention to award Contracts Notice- Power Servers.pdf,Intention to Award a Contract Notice | Reserve Bank of Malawi | RBM/ ICT/35/2024 | 2024 | 2025-02-07 | 
Intentions to Award,Ministry of Education,025/MoE/IPDC/NCB/G/2024-25/06,https://ppda.mw/storage/documents/intentiontoaward/INTENTION TO AWARD CONTRACT FOR TEXTBOOKS.pdf,SUPPLY AND DELIVERY OF TEXTBOOKS FOR JUNIOR AND SECONDARY SCHOOLS  FOR SECONDARY | Ministry of Education | 025/MoE/IPDC/NCB/G/2024-25/06 | 2024-2025 | 2025-02-13 | 
Intentions to Award,National College of Information Technology-NACIT,NACIT/BT/A/01,https://ppda.mw/storage/documents/intentiontoaward/notice to award contracts.pdf,INTENTION TO AWARD CONTRACTS FOR SERVICE PROVIDERS-NACIT BLANTYRE | National College of Information Technology-NACIT | NACIT/BT/A/01 | 2025-2026 | 2025-03-12 | 
Intentions to Award,Malawi Electoral Commission- MEC,MEC/2025/2026/NCB/001,https://ppda.mw/storage/documents/intentiontoaward/ADVERT - INTENTION TO AWARD - Security Services - G4S Security Solutions.pdf,Procurement of Provision of Security Services  - MEC 2025 | Malawi Electoral Commission- MEC | MEC/2025/2026/NCB/001 | 2025\26 FY | 2025-03-17 | 
Intentions to Award,Malawi Police Service,MPS/IPDC/07/02/2025-26/CHI/CYCLES,https://ppda.mw/storage/documents/intentiontoaward/MOTOR CYCLES INTENTION TO AWARD.pdf,PROCUREMENT OF MOTOR CYCLES | Malawi Police Service | MPS/IPDC/07/02/2025-26/CHI/CYCLES | 2024-2025 | 2025-03-19 | 
Intentions to Award,Malawi Police Service,MPS/IPDC/05/02/2025-26/INSURANCE,https://ppda.mw/storage/documents/intentiontoaward/INSURANCE  NOTIFICATION.pdf,PROVISION OF MOTOR VEHICLE/CYCLE INSURANCE SERVICES | Malawi Police Service | MPS/IPDC/05/02/2025-26/INSURANCE | 2024-2025 | 2025-03-19 | 
Intentions to Award,Blantyre Water Board,"BWB/BRONZE BILLETS, STAINLESS STEEL BILLETS, SHAFT MATERIALS AND WELDING CONSUMABLES/2024/3 AND BWB/PROPERTY MAINTENANCE/2024/1",https://ppda.mw/storage/documents/intentiontoaward/NOTIFICATION OF INTENTION TO AWARD.pdf,"NOTIFICATION OF INTENTION TO AWARD FRAMEWORK AGREEMENT | Blantyre Water Board | BWB/BRONZE BILLETS, STAINLESS STEEL BILLETS, SHAFT MATERIALS AND WELDING CONSUMABLES/2024/3 AND BWB/PROPERTY MAINTENANCE/2024/1 | 2025-2026 | 2025-03-26 | "
Intentions to Award,Malawi Electoral Commission,MEC/2024/2025/ BP/TPE/ICB/001,https://ppda.mw/storage/documents/intentiontoaward/ADVERT - INTENTION TO AWARD -Ballot Papers and Related Materials-1.pdf,"PRINTING, SUPPLY AND DELIVERY OF BALLOT PAPERS AND  RELATED SENSITIVE MATERIALS. | Malawi Electoral Commission | MEC/2024/2025/ BP/TPE/ICB/001 | 2024/2025 | 2025-04-11 | "
Intentions to Award,Ministry of Water and Sanitation,DWR/GoM/2025/01,https://ppda.mw/storage/documents/intentiontoaward/INTENTION TO AWARD EPC LWWP.pdf,"Engineering, Procurement and Construction (EPC)/ Turnkey Contract of Lilongwe West Water Project. | Ministry of Water and Sanitation | DWR/GoM/2025/01 | 2024-2025 | 2025-04-10 | "
Intentions to Award,Ministry of Health,031-01-HSSP-HQ-24/25-G-NCB-04 	-R,https://ppda.mw/storage/documents/intentiontoaward/MoH-INTENTION_TO_AWARD_-2[1].pdf,Supply and delivery of Dental and Medical Laboratory Equipment | Ministry of Health | 031-01-HSSP-HQ-24/25-G-NCB-04 	-R | 2025/26 FY | 2025-05-02 | 
Intentions to Award,National Oil Company of Malawi (NOCMa),NOC21/ICB/W/FY2024-25,https://ppda.mw/storage/documents/intentiontoaward/Intention to Award Contract Notice - Additional Fuel Tanks.pdf,Notice of Intention to Award Contract for Construction of Additional Fuel Storage Tanks at Mzuzu Strategic Fuel Reserve | National Oil Company of Malawi (NOCMa) | NOC21/ICB/W/FY2024-25 | FY2025/2026 | 2025-05-05 | 
Intentions to Award,Northern Region Water Board,NRWB/24/25/1,https://ppda.mw/storage/documents/intentiontoaward/NRWB-INTENTION TO AWARD THE CONTRACT-WATER DISINFECTION CHEMICALS_115645.pdf,Supply &delivery of 2000 no. x25 kgs buckets of Water Disinfection Chemicals | Northern Region Water Board | NRWB/24/25/1 | 2025/26 FY | 2025-05-17 | 
Intentions to Award,National Economic Empowerment Fund Limited -NEEF,NEEF/05/2024-2025,https://ppda.mw/storage/documents/intentiontoaward/Notification of Intention to Award a Procurement Contract for the supply and delivery NEEF Motorcycles-2025-2026.pdf,Supply and delivery of 100 Motorcycles and 50 Motor cycles | National Economic Empowerment Fund Limited -NEEF | NEEF/05/2024-2025 | 2025/26 FY | 2025-05-17 | 
Intentions to Award,Public Private Partnership Commission,MW-PPPC-447170-GO-RFB,https://ppda.mw/storage/documents/intentiontoaward/Notification of Intention to Contract Award - for Publishing_ICT Equipment.pdf,INTENTION TO CONTRACT AWARD FOR THE PROCUREMENT OF ICT EQUIPMENT FOR VARIOUS GOVERNMENT AGENCIES | Public Private Partnership Commission | MW-PPPC-447170-GO-RFB | 2024-2025 | 2025-05-15 | 
Intentions to Award,Reserve Bank of Malawi,RBM/ ICT/02/2025,https://ppda.mw/storage/documents/intentiontoaward/Intention to award Contracts Notice-LAN.pdf,Intention to award Contracts Notice-Supply and Installation of Local Area Network (LAN) at the Work Area Recovery Site. | Reserve Bank of Malawi | RBM/ ICT/02/2025 | 2025 | 2025-05-23 | 
Intentions to Award,Malawi Communications Regulatory Authority - MACRA,MACRA/IPDC/USF-RBMDLP/2025/02/1,https://ppda.mw/storage/documents/intentiontoaward/Notice - Intention to Award a Contract for Broadband Mapping Services 2025.pdf,Provision of Rural Broadband Mapping and Digital Literacy Programme | Malawi Communications Regulatory Authority - MACRA | MACRA/IPDC/USF-RBMDLP/2025/02/1 | 2025/2026 | 2025-05-28 | 
Intentions to Award,Malawi National Examination Board- MANEB,MANEB/S/NCB/01/25-26,https://ppda.mw/storage/documents/intentiontoaward/INTENTION TO AWARD- 2025 MARKING CENTRE CATERING SERVICES.pdf,PROVISION OF MARKING CENTRE CATERING SERVICES ON FRAMEWORK AGREEMENT | Malawi National Examination Board- MANEB | MANEB/S/NCB/01/25-26 | 2025-2026 | 2025-06-03 | 
Intentions to Award,Roads Authority,RA/MAI/2024-25/D/REH/CR/DZ/DZT/54,https://ppda.mw/storage/documents/intentiontoaward/Notification of Intention to award_030625-2.pdf,Upgrading of Dedza Township Roads in Dedza Districct | Roads Authority | RA/MAI/2024-25/D/REH/CR/DZ/DZT/54 | 2024/25 | 2025-06-03 | 
Intentions to Award,Roads Authority,RA/CON/DEV/LL/LLC/REH/2024-25/25,https://ppda.mw/storage/documents/intentiontoaward/Notification of Intention to award_030625-1.pdf,Consultancy Services for the Supervision of the Capacity Improvement of Kaunda Road (Bingu National Stadium – Chendawaka Junction) | Roads Authority | RA/CON/DEV/LL/LLC/REH/2024-25/25 | 2024/25 | 2025-06-03 | 
Intentions to Award,Chiradzulu District Council,Mw-CZDC-487823-CW-RFQ,https://ppda.mw/storage/documents/intentiontoaward/Intention to award (2).pdf,CONSTRUCTION OF RCRP PROJECTS AT CHIRADZULU DISTRIC COUNCIL | Chiradzulu District Council | Mw-CZDC-487823-CW-RFQ | 2024/2025 | 2025-06-03 | 
Intentions to Award,Malawi Electoral Commission- MEC,MEC/2025/2026/T-PA/NCB/008 & MEC/2024/2025/T-PA/NCB/005,https://ppda.mw/storage/documents/intentiontoaward/ADVERT - INTENTION TO AWARD -Tonners  and Printer Accessories.pdf,Supply and Delivery of Toner and printer Accessories | Malawi Electoral Commission- MEC | MEC/2025/2026/T-PA/NCB/008 & MEC/2024/2025/T-PA/NCB/005 | 2024/2025 & 2025/2026 | 2025-06-05 | 
Intentions to Award,Blantyre Water Board,BWB/WATER BOTTLING PLANT & ACCESSORIES/2023/1,https://ppda.mw/storage/documents/intentiontoaward/NOTIFICATION OF INTENTION TO AWARD.pdf,"Supply, Delivery, Installation and Commissoning of Water Bottling Plant and Accessories | Blantyre Water Board | BWB/WATER BOTTLING PLANT & ACCESSORIES/2023/1 | 2025-2026 | 2025-06-09 | "
Intentions to Award,Malawi National Council of Sports,MNCS/BAT/3/24,https://ppda.mw/storage/documents/intentiontoaward/INTENTION TO AWARD NOTICE.pdf,"Construction of a Football Stadium, Offices, and Associated External Works at BAT Ground in the City of Blantyre | Malawi National Council of Sports | MNCS/BAT/3/24 | 2025-2026 | 2025-06-12 | "
Intentions to Award,Salima Lilongwe water supply company (LWB),SLWSC/IPDC/009,https://ppda.mw/storage/documents/intentiontoaward/Standard Bidding Document for Request For Qoutation for Goods.pdf,LAPTOPS | Salima Lilongwe water supply company (LWB) | SLWSC/IPDC/009 | 2025 | 2025-06-16 | 
Intentions to Award,Salima Lilongwe water supply company (LWB),SLWSC/IPDC/010,https://ppda.mw/storage/documents/intentiontoaward/Standard Bidding Document for Request For Qoutation for Goods.pdf,OFFICE FURNITURE | Salima Lilongwe water supply company (LWB) | SLWSC/IPDC/010 | 2025 | 2025-06-18 | 
Intentions to Award,Malawi Electoral Commission,MEC/2025/2036/N-SEM/TPE/NCB/001,https://ppda.mw/storage/documents/intentiontoaward/ADVERT - INTENTION TO AWARD -NON SENSITIVE MATERIALS -1 .pdf,Intention to award for the supply and delivery of non-sensitive electoral materials | Malawi Electoral Commission | MEC/2025/2036/N-SEM/TPE/NCB/001 | 2025/2026 | 2025-06-20 | 
Intentions to Award,Ministry of Health,MOH/NCB/G/GF/C19RM/2025/013,https://ppda.mw/storage/documents/intentiontoaward/INTENTION TO AWARD - Procurement of Various Hospital Equipment.pdf,NOTICE OF INTENTION TO AWARD PROCUREMENT CONTRACT | Ministry of Health | MOH/NCB/G/GF/C19RM/2025/013 | 2025 | 2025-06-26 | 
Intentions to Award,National Audit Office,060/NAO/EOI/CS/24-25/1,https://ppda.mw/storage/documents/intentiontoaward/Intention to Award- NAO.pdf,Designs and Supervision of the Modern Office Complex for National Audit Office (NAO) | National Audit Office | 060/NAO/EOI/CS/24-25/1 | 2025/2026 | 2025-07-03 | 
Intentions to Award,TEVETA,TEVETA/IPDC/NCB/2025/002,https://ppda.mw/storage/documents/intentiontoaward/INTENTION TO AWARD A CONTRACT.pdf,"SUPPLY, DELIVERY AND INSTALLATION OF DESKTOP COMPUTERS AND MULTIPURPOSE PRINTERS FOR SELECTED COMMUNITY TECHNICAL COLLEGES (CTCs) AND COMMUNITY SKILLS DEVELOPMENT CENTERS (CSDCs) | TEVETA | TEVETA/IPDC/NCB/2025/002 | 2025/2026 | 2025-07-05 | "
Intentions to Award,Roads Authority,VARIOUS,https://ppda.mw/storage/documents/intentiontoaward/Notification of Intention to award_15072025 Grading.pdf,Grading and Associated Drainage Works of Selected Designated Roads | Roads Authority | VARIOUS | 2025/26 | 2025-07-16 | 
Intentions to Award,Reserve Bank of Malawi,RBM/ADMIN/2024,https://ppda.mw/storage/documents/intentiontoaward/Notice of Intention to Award Contract-Western Construction.pdf,Design and construction of the clubhouse and cafeteria at the Reserve Bank of Malawi Mzuzu Branch | Reserve Bank of Malawi | RBM/ADMIN/2024 | 2025 | 2025-07-17 | 
Intentions to Award,Roads Authority,RA/MAI/2024-25/D/REH/CR/SA/SAR/53 & RA/MAI/2024-25/T/REH/SR/CK/66,https://ppda.mw/storage/documents/intentiontoaward/Intention to award_Upgrading Municipal Roads.pdf,Upgrading of Salima Township Roads and Rehabilitation of Dyeratu - Chikwawa Boma Road | Roads Authority | RA/MAI/2024-25/D/REH/CR/SA/SAR/53 & RA/MAI/2024-25/T/REH/SR/CK/66 | 2024/25 | 2025-07-17 | 
Intentions to Award,Airport Development Limited- ADL,ADL /ILS/2024-25/01,https://ppda.mw/storage/documents/intentiontoaward/Intention to Award Instrument Landing System Advert.pdf,"INTENTION TO AWARD CONTRACT FOR SUPPLY, DELIVERY, INSTALLATION AND COMMISSIONING OF INSTRUMENT LANDING SYSTEM FOR CHILEKA AIRPORT | Airport Development Limited- ADL | ADL /ILS/2024-25/01 | 2025/2026 | 2025-07-18 | "
Intentions to Award,Mzuzu Central Hospital,031/MZCH/2024-25/009,https://ppda.mw/storage/documents/intentiontoaward/Notification of Intention to Award.pdf,"Supply ,delivery ,installation and commissioning of Dialysis Machine and related services | Mzuzu Central Hospital | 031/MZCH/2024-25/009 | 2025/2026 | 2025-07-22 | "
Intentions to Award,Malawi University of Science and Technology,NCB-MUST-W-2024/25-136,https://ppda.mw/storage/documents/intentiontoaward/INTENTION TO AWARD-construction of mini industrial park.pdf,Completion of the construction of mini industrial park at Malawi University of Science and Technology | Malawi University of Science and Technology | NCB-MUST-W-2024/25-136 | 2025-2026 | 2025-07-23 | 
Intentions to Award,Roads Authority,RA/DEV/CR/LL/UP/2024-25/09 and RADEV/CR/LL/UP/2024-25/15,https://ppda.mw/storage/documents/intentiontoaward/Notification of Intention to award_Contracts_upgrading_24072025.pdf,Upgrading of Msundwe - Majiga Kasiya (D184/T345) and Kasiya-Nthondo - Malembo (D164/S115) Roads to Bitumen Standard | Roads Authority | RA/DEV/CR/LL/UP/2024-25/09 and RADEV/CR/LL/UP/2024-25/15 | 2024/25 | 2025-07-24 | 
Intentions to Award,Phalombe District Council,PEDC-DDF-TRANSFORM-2025,https://ppda.mw/storage/documents/intentiontoaward/Intention of  Award DDF & Transform.pdf,INTENTION TO AWARD DDF & TRANSFORM | Phalombe District Council | PEDC-DDF-TRANSFORM-2025 | 2025 | 2025-07-24 | 
Intentions to Award,Salima Lilongwe water supply company (LWB),SLWSC/IPDC/0115,https://ppda.mw/storage/documents/intentiontoaward/Request For Quotation for heavy duty printer.pdf,PROCUREMENT OF HEAVY DUTY PRINTER | Salima Lilongwe water supply company (LWB) | SLWSC/IPDC/0115 | 2025 | 2025-07-30 | 
Intentions to Award,Salima Lilongwe water supply company (LWB),SLWSC/IPDC/015,https://ppda.mw/storage/documents/intentiontoaward/Request For Quotation for heavy duty printer (1).pdf,PROCUREMENT OF PRINTER HEAVY DUTY | Salima Lilongwe water supply company (LWB) | SLWSC/IPDC/015 | 2025 | 2025-07-30 | 
Intentions to Award,Reserve Bank of Malawi,RBM/ICT/07/25,https://ppda.mw/storage/documents/intentiontoaward/Intention to award contract for the supply and configuration of power savers for the oracle Banking digital experience (OBDX) (002).pdf,Intention to award contract for the supply and configuration of power savers for the oracle Banking digital experience (OBDX) | Reserve Bank of Malawi | RBM/ICT/07/25 | 2025 | 2025-08-01 | 
Intentions to Award,Ministry of Health,MOH/NCB/S/GF/TB-HIV/2025/001,https://ppda.mw/storage/documents/intentiontoaward/INTENTION TO AWARD - Supply and Delivery of Key Health Management Information System Registers.pdf,Supply and Delivery of Key Health Management Information System Registers | Ministry of Health | MOH/NCB/S/GF/TB-HIV/2025/001 | 2025 | 2025-08-04 | 
Intentions to Award,Phalombe District Council,MW-PEDC-04-HEALTH,https://ppda.mw/storage/documents/intentiontoaward/INTENTION TO AWARD .pdf,INTENTION TO AWARD FOR HEALTH REHABILITATION | Phalombe District Council | MW-PEDC-04-HEALTH | 2025 | 2025-08-05 | 
Intentions to Award,Roads Authority,RA/DEV/CR/KU-MC/REH/2024-25/11,https://ppda.mw/storage/documents/intentiontoaward/Notification of Intention to award_140825.pdf,Upgrading of Santhe - Mkhota -kapiri  (d164/D163) Road to Bitumen standard | Roads Authority | RA/DEV/CR/KU-MC/REH/2024-25/11 | 2024 | 2025-08-15 | 
Intentions to Award,Roads Authority,RA/DEV/CR/KU-MC/REH/2024-25/11 and RA/MAI/2024-25/REH/NR/MZ/36,https://ppda.mw/storage/documents/intentiontoaward/Notification of Intention to award_Contracts_upgrading_16082025.pdf,Upgrading of Santhe-Mkhota-Kapiri (D164/D163)  Road to bitumen andUpgrading of selected roads at Mzimba boma | Roads Authority | RA/DEV/CR/KU-MC/REH/2024-25/11 and RA/MAI/2024-25/REH/NR/MZ/36 | 2024/2025 | 2025-08-18 | 
Intentions to Award,Ministry of Health,MOH/ICB-RFP/GF/C19RM/2024/013,https://ppda.mw/storage/documents/intentiontoaward/Intention to Award for Implementation of MS Business Central.pdf,Intention to Award of Consultancy Services for Ready Requirements - MS Business Central Implementation | Ministry of Health | MOH/ICB-RFP/GF/C19RM/2024/013 | 2025 | 2025-08-18 | 
Intentions to Award,Mangochi Town Council,MHMC/MRRF/W/R/2025-2026 LOT1 TO LOT 5,https://ppda.mw/storage/documents/intentiontoaward/DOC-20250829-WA0007..pdf,NOTIFICATION OF INTENTION TO AWARD OF CONTRACTS FOR 2025 TO 2026 MUNICIPAL ROADS REHABILITATION FUND PROJECTS IN MANGOCHI MUNICIPAL COUNCIL | Mangochi Town Council | MHMC/MRRF/W/R/2025-2026 LOT1 TO LOT 5 | 1ST APRIL 2025 TO 31ST MARCH 2026 | 2025-08-28 | 
Intentions to Award,National Economic Empowerment Fund Limited -NEEF,NEEF/05/2025-2026,https://ppda.mw/storage/documents/intentiontoaward/Intention to award for Motor Vehicles 4X2.pdf,"Supply and delivery of ten (10) 4x2 Motor Vehicles (Manual), ten (10) 4x2 Motor Vehicles (Automatic) and  two (2) 4X4 Single Cabin Motor Vehicles | National Economic Empowerment Fund Limited -NEEF | NEEF/05/2025-2026 | 2025/26 FY | 2025-09-02 | "
Intentions to Award,Malawi School of Government- MSG,MSG/IPDC/MPREHAB/2025-1,https://ppda.mw/storage/documents/intentiontoaward/MSG- Notice of Intention to award a Contract-AWW Limited and Arrows Construction September 2025.pdf,Provision of architectural design and construction supervision | Malawi School of Government- MSG | MSG/IPDC/MPREHAB/2025-1 | 2025/26 FY | 2025-09-08 | 
Intentions to Award,ADMARC,ADMARC/NCB/FARMIMP/2025/2026/13,https://ppda.mw/storage/documents/intentiontoaward/INTENTION TO AWARD.pdf,Farm Equipment and Implements | ADMARC | ADMARC/NCB/FARMIMP/2025/2026/13 | 2025/2026 | 2025-09-08 | 
Intentions to Award,Electricity Generation Company (EGENCO),"EGC605/ICB/G/GY2024-25, EGC969/NCB/FY2024-25, EGC530/NCB/FY2024-25, EGC965/NCB/G/FY2024-25, EGC967/NCB/G/FY2024-2025, EGC944/NCB/G/FY2024-25, EGC966/NCB/G/FY2024-25",https://ppda.mw/storage/documents/intentiontoaward/Notification of Intention to Award Contracts.pdf,"NOTIFICATION OF INTENTION TO AWARD CONTRACTS | Electricity Generation Company (EGENCO) | EGC605/ICB/G/GY2024-25, EGC969/NCB/FY2024-25, EGC530/NCB/FY2024-25, EGC965/NCB/G/FY2024-25, EGC967/NCB/G/FY2024-2025, EGC944/NCB/G/FY2024-25, EGC966/NCB/G/FY2024-25 | 2024-2025 | 2025-09-15 | "
Intentions to Award,Ministry of Health,MOH/NCB/W/GF/C19RM/2025/063,https://ppda.mw/storage/documents/intentiontoaward/Notice of Intention to Award Rehabilitation of Six Laboratories.pdf,Construction and Rehabilitation of Laboratories in Various Health Facilities across Malawi | Ministry of Health | MOH/NCB/W/GF/C19RM/2025/063 | 2025 | 2025-09-24 | 
Intentions to Award,ADMARC,ADMARC/NCB/MV/2025/2026/10,https://ppda.mw/storage/documents/intentiontoaward/INTENTION TO AWARD.pdf,SUPPLY AND DELIVERY OF OPERATIONAL MOTOR VEHICLES | ADMARC | ADMARC/NCB/MV/2025/2026/10 | 2025/2026 | 2025-09-25 | 
Intentions to Award,Smallholder Farmers Fertilizer Revolving Fund of Malawi,SFFRFM/NCB/W/2025-26/01,https://ppda.mw/storage/documents/intentiontoaward/SFFRFM-NOTICE OF AWARD OF CONTRACT.pdf,Construction of Perimeter Fence at SFFRFM Chirimba Depot – Blantyre City | Smallholder Farmers Fertilizer Revolving Fund of Malawi | SFFRFM/NCB/W/2025-26/01 | 2025/26 FY | 2025-09-27 | 
Intentions to Award,Roads Authority,RA/ADM/HQ/STA/2025-26/07 and RA/ADMN/HQ/MVT/2025-26/06,https://ppda.mw/storage/documents/intentiontoaward/Notification of Intention to award_Framework Agreements 300925.pdf,"Supply and Delivery of Stationery and Tonners, Supply and Delivery of Tyres and Batteries | Roads Authority | RA/ADM/HQ/STA/2025-26/07 and RA/ADMN/HQ/MVT/2025-26/06 | 2025/26 | 2025-09-30 | "
Intentions to Award,Blantyre Water Board,BWB/INSURANCE SERVICES/2025/1,https://ppda.mw/storage/documents/intentiontoaward/NOTIFICATION OF INTENTION TO AWARD(2).pdf,PROVISION OF INSURANCE SERVICES | Blantyre Water Board | BWB/INSURANCE SERVICES/2025/1 | 2025-2026 | 2025-10-02 | 
Intentions to Award,Malawi Police Service,FRAMEWORKS,https://ppda.mw/storage/documents/intentiontoaward/AWARD NOTICE FRAME WORK 2025-2026.pdf,NOTICE OF Intension to award | Malawi Police Service | FRAMEWORKS | 2025-2026 | 2025-06-26 | 
Intentions to Award,Malawi Police Service,FRAMEWORKS,https://ppda.mw/storage/documents/intentiontoaward/AWARD NOTICE FRAME WORK 2025-2026.pdf,NOTICE OF INTENTION TO AWARD | Malawi Police Service | FRAMEWORKS | 2025-2026 | 2025-10-18 | 
Intentions to Award,Machinga District Council,MHG/WORKS/TRANSFORM/25,https://ppda.mw/storage/documents/intentiontoaward/intention to award.pdf,NOTIFICATION OF INTENTION TO AWARD 2025-2026 TRANSFORM PROJECT | Machinga District Council | MHG/WORKS/TRANSFORM/25 | 2025/2026 | 2025-11-04 | 
Intentions to Award,Chikwawa District Council,MW-CKDC-518191-CW-RFQ,https://ppda.mw/storage/documents/intentiontoaward/Notification of Intention to award notice.pdf,Reconstruction of 2 Classroom blocks at Mkombezi Primary School in Chikwawa | Chikwawa District Council | MW-CKDC-518191-CW-RFQ | 2025-2026 | 2025-11-21 | 
Intentions to Award,Mzuzu University,MU/IPDC/WKS/01/2025,https://ppda.mw/storage/documents/intentiontoaward/INTENTION TO AWARD DEC CONSTRUCTION Final.pdf,Contract for the Construction of 500-Bed Students’ Hostel and Associated External Works at Dunduzu campus in Mzuzu. | Mzuzu University | MU/IPDC/WKS/01/2025 | 2025/26 | 2025-12-06 | 
Intentions to Award,Malawi Revenue Authority,MRA-LL/RFQ/S/STARLINK/019/2025,https://ppda.mw/storage/documents/intentiontoaward/RFQ - Starlink Services.pdf,Provision of Starlink Network Services | Malawi Revenue Authority | MRA-LL/RFQ/S/STARLINK/019/2025 | 2025/2026 | 2025-12-15 | 
Intentions to Award,Malawi National Examination Board- MANEB,MANEB/S/NCS/03/25-26,https://ppda.mw/storage/documents/intentiontoaward/INTENTION TO AWARD- 2026 STUDENT IDENTITY CARDS.pdf,NOTIFICATION OF INTETION TO AWARD CONTRACT-2026 STUDENT IDENTITY CARDS | Malawi National Examination Board- MANEB | MANEB/S/NCS/03/25-26 | 2025-2026 | 2025-12-19 | 
Intentions to Award,Ntchisi District Council,MW-NSDC-524633-CW-RFB,https://ppda.mw/storage/documents/intentiontoaward/NOITA.pdf,Intention to award for Construction of Khuwi Police Unit | Ntchisi District Council | MW-NSDC-524633-CW-RFB | 2025/2026 | 2026-01-16 | 
Intentions to Award,Lilongwe Handling Company Ltd,LHC/STAIRS/2025-26/02,https://ppda.mw/storage/documents/intentiontoaward/INTENTION TO AWARD NOTICE.pdf,Intention to award notice for procurement of Aircraft Stairs | Lilongwe Handling Company Ltd | LHC/STAIRS/2025-26/02 | 2025-26 | 2026-01-19 | 
Intentions to Award,Roads Authority,"North, Centre and South",https://ppda.mw/storage/documents/intentiontoaward/Notification of Intention to award_16012026.pdf,"Road and Bridge Maintenance Programme- Phase I (Urgent and Emergency Works) | Roads Authority | North, Centre and South | 2025/26 | 2026-01-17 | "
Intentions to Award,Malawi Police Service,MPS/NCB/12/11/2025-26/B/I & MPS/NCB/06/11/2025-26/CH/B,https://ppda.mw/storage/documents/intentiontoaward/NOTIFICATION OF INTENTION TO AWARD CONTRACT  BAND & CHISINGA.pdf,NOTICE OF INTENTION TO AWARD CONTRACT | Malawi Police Service | MPS/NCB/12/11/2025-26/B/I & MPS/NCB/06/11/2025-26/CH/B | 2025-2026 | 2026-02-21 | 
Intentions to Award,Lilongwe University of Agriculture and Natural Resources -Bunda Campus,LUANAR/PDU/SECURITY/2026-2027,https://ppda.mw/storage/documents/intentiontoaward/Notification of award- SECURITY SERVICES.pdf,SECURITY SERVICES | Lilongwe University of Agriculture and Natural Resources -Bunda Campus | LUANAR/PDU/SECURITY/2026-2027 | 2026 - 2027 | 2026-02-26 | 
Intentions to Award,Public Private Partnership Commission,MW-PPPC-494117-CS-INDV and MW-PPPC-507895-CS-INDV,https://ppda.mw/storage/documents/intentiontoaward/Notification of Intention to Contract Award - for Publishing_Individual Consultants.pdf,Notification of Intention to Contract Award - Monitoring & Evaluation Specialist and Digital Innovations and Entrepreneurship (Tech Hubs) Manager | Public Private Partnership Commission | MW-PPPC-494117-CS-INDV and MW-PPPC-507895-CS-INDV | 2025/2026 | 2026-03-03 | 
Intentions to Award,Roads Authority,"North, Central and South 2025/2026",https://ppda.mw/storage/documents/intentiontoaward/Notification of Intention to award_12032026 Phase I.pdf,"Road and Bridge Maintenance Programme Phase I. | Roads Authority | North, Central and South 2025/2026 | 2025/26 | 2026-03-19 | "
Intentions to Award,Ministry of Health,MOH/NCB/W/GF/C19RM/2025/059 and MOH/NCB/W/GF/C19RM/2025/060,https://ppda.mw/storage/documents/intentiontoaward/INTENTION TO AWARD NOTICE - Ntchisi Health Posts and Chikwawa IDU.pdf,NOTICE OF INTENTION TO AWARD OF NTCHISI HEALTH POSTS AND CHIKWAWA IDU | Ministry of Health | MOH/NCB/W/GF/C19RM/2025/059 and MOH/NCB/W/GF/C19RM/2025/060 | 2026 | 2026-03-17 | 
Intentions to Award,Malawi Institute of Education,MIE/PRINT/NCB/2026/001,https://ppda.mw/storage/documents/intentiontoaward/Notification Printing_machinery and accessories 2026 1.pdf,"Supply, delivery, installation and commissioning of printing machinery and accessories | Malawi Institute of Education | MIE/PRINT/NCB/2026/001 | 2025/26 | 2026-04-03 | "
Intentions to Award,Malawi Posts Corporation,MPC/MV/26/1,https://ppda.mw/storage/documents/intentiontoaward/NOTIFICATION OF INTENTION TO AWARD.pdf,PROCUREMENT OF TRUCK VANS | Malawi Posts Corporation | MPC/MV/26/1 | 2026/2027 | 2026-07-01 | 
Intentions to Award,Phalombe District Council,MW-PEDC-548512-CW-RFB,https://ppda.mw/storage/documents/intentiontoaward/NOTIFICATION FOR INTENTION TO AWARD-1.pdf,NOTIFICATION OF INTENTION TO AWARD-CONSTRUCTION OF CARMUSHKA CDSS | Phalombe District Council | MW-PEDC-548512-CW-RFB | 25/26 FINANCIAL YEAR | 2026-07-21 | 
Intentions to Award,Zomba District Council,MW-ZADC-548446-CW-RFB,"https://ppda.mw/storage/documents/intentiontoaward/intention to award for Reconstruction  Nsondole,Epa.pdf",INTENTION TO AWARD OF RECONSTRUCTION OF NSONDOLE EPA | Zomba District Council | MW-ZADC-548446-CW-RFB | 2026-2027 | 2026-07-29 | 
Intentions to Award,Zomba City Council,ZCC/26- 27/ENG/01,https://ppda.mw/storage/documents/intentiontoaward/Final_Intention to Award Notice for Road Projects 20262027.pdf,Procurement of Various Works and Related Services - ZCC | Zomba City Council | ZCC/26- 27/ENG/01 | 2026/27 FY | 2026-08-05 | 
Intentions to Award,Electricity Supply Corporation of Malawi (ESCOM),ESC07/INTENTION/01,https://ppda.mw/storage/documents/intentiontoaward/INTENTION TO AWARD CONTRACTS JULY 2026 20260807.pdf,Engagement of Various Service Provider | Electricity Supply Corporation of Malawi (ESCOM) | ESC07/INTENTION/01 | 2026/27 | 2026-07-17 | 
Intentions to Award,Electricity Supply Corporation of Malawi (ESCOM),ESC08/INTENTION/02,https://ppda.mw/storage/documents/intentiontoaward/INTENTION TO AWARD CONTRACTS JULY 20260807.pdf,Engagement of Various Service Provider August | Electricity Supply Corporation of Malawi (ESCOM) | ESC08/INTENTION/02 | 2026/27 | 2026-07-31 | 
Intentions to Award,Chitipa District Council,CPDC/IPDC/RCDF/G/W/2026-2027/O4RFQ,https://ppda.mw/storage/documents/intentiontoaward/Chitipa District Council-Notification of Intention to Award-RCDF - RFQs (Good&Works).pdf,NOTIFICATION OF INTENTION TO AWARD CONTRACTS-RCDF | Chitipa District Council | CPDC/IPDC/RCDF/G/W/2026-2027/O4RFQ | 2026-2027 | 2026-08-14 | 
Award Notices,Institution,Reference No.,N/A,Title | Institution | Reference No. | Publish Date | Attachment
Award Notices,Malawi Revenue Authority,MRA/MSONKHO/SUMMER HUTS/012024,https://ppda.mw/storage/documents/awardnotices/FRQ - Summer Huts.pdf,CONSTRUCTION OF SUMMER HUT & EXTERNAL WORKS AT MSONKHO HOUSE | Malawi Revenue Authority | MRA/MSONKHO/SUMMER HUTS/012024 | 2024-01-02 | 
Award Notices,"Ministry of Gender, Children & Community Development",NCB 032/IPDC/MoGCDSW/G/2023-24/01,https://ppda.mw/storage/documents/awardnotices/Publication of Notice of Cancellation of Procurement of   MOTOR VEHICLES proceedings.pdf,"Cancellation of Tender for the Supply and Delivery of Motor Vehicles | Ministry of Gender, Children & Community Development | NCB 032/IPDC/MoGCDSW/G/2023-24/01 | 2024-01-24 | "
Award Notices,Buildings Department,NCB/040/DOB/G/2023-24/01,https://ppda.mw/storage/documents/awardnotices/Cancellation of Procurement_Mobile semi-trailer Platform.pdf,NOTICE OF CANCELLATION OF PROCUREMENT | Buildings Department | NCB/040/DOB/G/2023-24/01 | 2024-01-31 | 
Award Notices,Mangochi District Council,MHDC/AGRICULTURE/MWASIP/S/2023-24/01,https://ppda.mw/storage/documents/awardnotices/Request for Proposal.pdf,Request for Proposal | Mangochi District Council | MHDC/AGRICULTURE/MWASIP/S/2023-24/01 | 2024-02-14 | 
Award Notices,Blantyre Water Board,"BWB/GI PIPES, FITTINGS & ACCESSORIES/2023/1",https://ppda.mw/storage/documents/awardnotices/TENDER RESULTS FEBRUARY 2024 - TWO.pdf,"Supply and Delivery of Galvanized Iron (GI) Pipes, Fittings and Accessories | Blantyre Water Board | BWB/GI PIPES, FITTINGS & ACCESSORIES/2023/1 | 2024-02-27 | "
Award Notices,Ministry of Health,MOH/RFQ/G/GF/TB/HIV/2024/36,https://ppda.mw/storage/documents/awardnotices/RFQ PHONES.pdf,Supply and delivery of Smart Phones | Ministry of Health | MOH/RFQ/G/GF/TB/HIV/2024/36 | 2024-03-01 | 
Award Notices,Ministry of Health,MOH/LPO/G/GF/HIV/TB/2024/36,https://ppda.mw/storage/documents/awardnotices/RFQ FOR PHONE PIU1.pdf,Procurement and supply of Smart Phones | Ministry of Health | MOH/LPO/G/GF/HIV/TB/2024/36 | 2024-03-12 | 
Award Notices,Ministry of Health,MOH/RFQ/G/GF/HIV/TB/HIV/2024/069,https://ppda.mw/storage/documents/awardnotices/mci phones.pdf,Procurement of Phones | Ministry of Health | MOH/RFQ/G/GF/HIV/TB/HIV/2024/069 | 2024-03-12 | 
Award Notices,Public Procurement and Disposal of Assets Authority,PPDA/01/ADOBE ACROBAT,"https://ppda.mw/storage/documents/awardnotices/RFQ FOR ADOBE ACROBAT PRO ,2024.pdf",PROCUREMENT OF ADOBE ACROBAT PRO | Public Procurement and Disposal of Assets Authority | PPDA/01/ADOBE ACROBAT | 2024-03-26 | 
Award Notices,Public Procurement and Disposal of Assets Authority,PPDA/01/ROUTER,"https://ppda.mw/storage/documents/awardnotices/RFQ FOR OUTDOOR ROUTER ,2024.pdf",PROCUREMENT OF OUTDOOR ROUTER | Public Procurement and Disposal of Assets Authority | PPDA/01/ROUTER | 2024-03-26 | 
Award Notices,Ministry of Health,MOH/RFQ/G/GF/TBHIV/2024/069,https://ppda.mw/storage/documents/awardnotices/RFQ - Supply and delivery of Cstock Phones.pdf,Procurement of C-Stock phones | Ministry of Health | MOH/RFQ/G/GF/TBHIV/2024/069 | 2024-03-28 | 
Award Notices,Public Procurement and Disposal of Assets Authority,PPDA/01/BOOKS,"https://ppda.mw/storage/documents/awardnotices/RFQ REVY BOOKS,APRIL 2024.pdf",PRINTING OF BOOKS | Public Procurement and Disposal of Assets Authority | PPDA/01/BOOKS | 2024-04-10 | 
Award Notices,Public Procurement and Disposal of Assets Authority,PPDA/01/BOOKS,"https://ppda.mw/storage/documents/awardnotices/RFQ REVY BOOKS,APRIL 2024.pdf",PRINTING OF LEVY BOOKS | Public Procurement and Disposal of Assets Authority | PPDA/01/BOOKS | 2024-04-12 | 
Award Notices,"Pharmacy, Medicines & Poisons Authority",PMRA/IPDC/PREQUALIFICATION/04/01/2024,https://ppda.mw/storage/documents/awardnotices/PREQUALIFICATION  NOTICE 2024.pdf,"PREQUALIFICATION FOR THE SUPPLY OF GOODS AND SERVICES | Pharmacy, Medicines & Poisons Authority | PMRA/IPDC/PREQUALIFICATION/04/01/2024 | 2024-04-12 | "
Award Notices,Parliament,POM/NCB/PDU/1/CATERING /S/2023-2024,https://ppda.mw/storage/documents/awardnotices/NOTICE OF BIDDING RESULTS.pdf,NOTICE FOR BIDDING RESULTS FOR PROVISION OF CATERING SERVICES | Parliament | POM/NCB/PDU/1/CATERING /S/2023-2024 | 2024-04-16 | 
Award Notices,Lilongwe City Council,LCC/CDF/03/24/BOLEHOLE/LLCC,https://ppda.mw/storage/documents/awardnotices/BOLEHOLE IN LLCC CDF PROJECT.pdf,RFQ FOR DRILLING OF BOLEHOLES IN LILONGWE CITY CENTRE CONSTITUENCY | Lilongwe City Council | LCC/CDF/03/24/BOLEHOLE/LLCC | 2024-04-24 | 
Award Notices,Lilongwe City Council,LCC/CDF/03/24/BOREHOLE/LLCSE,https://ppda.mw/storage/documents/awardnotices/BOLEHOLE IN LLCSE CDF PROJECT.pdf,RFQ FOR DRILLING BOLEHOLE IN LILONGWE CITY SOUTH EAST CONSTITIENCY | Lilongwe City Council | LCC/CDF/03/24/BOREHOLE/LLCSE | 2024-04-24 | 
Award Notices,Malawi National Examination Board- MANEB,MANEB/G/RFQ/029/24-25,https://ppda.mw/storage/documents/awardnotices/RFQ-FOR PENS & PLAIN FOLDERS.pdf,Stationery | Malawi National Examination Board- MANEB | MANEB/G/RFQ/029/24-25 | 2024-05-07 | 
Award Notices,National Herbarium and Botanical Gardens,NHBG/FY24-25/IPDC-3MVINSU/005,https://ppda.mw/storage/documents/awardnotices/005 - RFQ Services - Insurance for Vehicle .pdf,COMPREHESIVE INSURANCE COVER FOR THREE MOTOR VEHICLES | National Herbarium and Botanical Gardens | NHBG/FY24-25/IPDC-3MVINSU/005 | 2024-05-20 | 
Award Notices,Registrar General,DRG/ICT/RFQ/03/2024,https://ppda.mw/storage/documents/awardnotices/UPS RFQ.doc,SUPPLYING NEW AND SERVICING OLD UPS SYSTEM | Registrar General | DRG/ICT/RFQ/03/2024 | 2024-05-31 | 
Award Notices,Ministry of Transport and Public Works,MTPW/IPDC/DRW/2024-25/14,https://ppda.mw/storage/documents/awardnotices/PROTECTIVE WEAR.pdf,Procurement of Protective wear | Ministry of Transport and Public Works | MTPW/IPDC/DRW/2024-25/14 | 2024-07-02 | 
Award Notices,Ministry of Transport and Public Works,MTPW/IPDC/DRW/2024-25/13,https://ppda.mw/storage/documents/awardnotices/LAPTOPS.pdf,Procurement of Laptops | Ministry of Transport and Public Works | MTPW/IPDC/DRW/2024-25/13 | 2024-07-02 | 
Award Notices,Blantyre City Council,BCC/WORKS/03/05/01/LGF/2024-25,https://ppda.mw/storage/documents/awardnotices/CONTRACT AWARD NOTICE FOR REHABILITATION OF MIBAWA MINIBUS TERMINAL IN BLANTYRE CITY-JULY 2024.pdf,REHABILITATION OF MIBAWA MINIBUS TERMINAL IN BLANTYRE CITY | Blantyre City Council | BCC/WORKS/03/05/01/LGF/2024-25 | 2024-07-09 | 
Award Notices,Ntcheu District Council,NUDC/IPDC/2024/ICTEQUIP/07/01,https://ppda.mw/storage/documents/awardnotices/RFQ   Desktop  computers  for  Data centre.pdf,procurement  of   Desktop  Computers  for   Data centre | Ntcheu District Council | NUDC/IPDC/2024/ICTEQUIP/07/01 | 2024-07-17 | 
Award Notices,Malawi Revenue Authority,PROC/ICT/MAGNET AXIOM FORENSICS SOFTWARE/20/08/2024,https://ppda.mw/storage/documents/awardnotices/AXIOM Forensic Software.pdf,Magnet AXIOM Forensics Software | Malawi Revenue Authority | PROC/ICT/MAGNET AXIOM FORENSICS SOFTWARE/20/08/2024 | 2024-08-20 | 
Award Notices,Malawi Revenue Authority,MRA/INTERNAL WALL FINISHES AT CENTURY MALL/26/08/2024,https://ppda.mw/storage/documents/awardnotices/Wall Finishes.pdf,Internal Wall Finishes at Century Mall | Malawi Revenue Authority | MRA/INTERNAL WALL FINISHES AT CENTURY MALL/26/08/2024 | 2024-08-26 | 
Award Notices,Malawi Revenue Authority,MRA/PHOTOGRAPHY FOR CALENDARS/30/08/2024,https://ppda.mw/storage/documents/awardnotices/Photography for Calendars.pdf,Photography Services | Malawi Revenue Authority | MRA/PHOTOGRAPHY FOR CALENDARS/30/08/2024 | 2024-08-30 | 
Award Notices,Malawi Revenue Authority,MRA/PHOTOGRAPHY STUDIOS FOR MODELS/30/08/2024,https://ppda.mw/storage/documents/awardnotices/Photography Studios for Models.pdf,Photography Studio | Malawi Revenue Authority | MRA/PHOTOGRAPHY STUDIOS FOR MODELS/30/08/2024 | 2024-08-30 | 
Award Notices,Mzuzu Central Hospital,031/MZCH/2024-25/89,https://ppda.mw/storage/documents/awardnotices/RFQ printer.pdf,supply and delivery of a Printer | Mzuzu Central Hospital | 031/MZCH/2024-25/89 | 2024-09-09 | 
Award Notices,Salima District Council,SADC/IPDC/RODAS MAINTENANCE/2024-25/001,https://ppda.mw/storage/documents/awardnotices/ADVERT FOR ROADS & DRAINANGES 2024..pdf,Routine roads Maintenance and associated drainage works in  Salima Town Roads | Salima District Council | SADC/IPDC/RODAS MAINTENANCE/2024-25/001 | 2024-09-13 | 
Award Notices,Mzuzu Central Hospital,031/MZCH/2024-25/95,https://ppda.mw/storage/documents/awardnotices/Maintenance - RFQ.pdf,Supply and Delivery of Maintenance materials | Mzuzu Central Hospital | 031/MZCH/2024-25/95 | 2024-09-20 | 
Award Notices,Lilongwe District Council,LDC/PSIP/RHC/2024-25/,https://ppda.mw/storage/documents/awardnotices/rehab-Advert.pdf,Rehabilitation of various Health centres in Lilongwe District | Lilongwe District Council | LDC/PSIP/RHC/2024-25/ | 2024-09-23 | 
Award Notices,Malawi Revenue Authority,MRA/LILONGWE BLOCK MANAGEMENT OFFICE BRANDING/23/09/2024,https://ppda.mw/storage/documents/awardnotices/LL BMS Branding.pdf,Lilongwe BMS Office Brandin | Malawi Revenue Authority | MRA/LILONGWE BLOCK MANAGEMENT OFFICE BRANDING/23/09/2024 | 2024-09-23 | 
Award Notices,Salima District Council,SADC/LOCAL GOVT/BOREHOLE/2024-2025/001,https://ppda.mw/storage/documents/awardnotices/RFQ- SADC Central borehole.pdf,PROCUREMENT OF WORKS-BOREHORE CONSTRUCTION | Salima District Council | SADC/LOCAL GOVT/BOREHOLE/2024-2025/001 | 2024-09-23 | 
Award Notices,Salima District Council,SADC/LOCAL GOVT/BOREHOLE/2024-2025/002,https://ppda.mw/storage/documents/awardnotices/RFQ- SADC South  borehole.pdf,PROCUREMENT OF WORKS-BOREHOLE CONSTRUCTION | Salima District Council | SADC/LOCAL GOVT/BOREHOLE/2024-2025/002 | 2024-09-23 | 
Award Notices,Mzuzu Central Hospital,031/MZCH/2024-25/96,https://ppda.mw/storage/documents/awardnotices/RFQ Toner 151A.pdf,supply and delivery of Toner | Mzuzu Central Hospital | 031/MZCH/2024-25/96 | 2024-09-24 | 
Award Notices,Mzuzu Central Hospital,031/MZCH/2024-25/97,https://ppda.mw/storage/documents/awardnotices/RFQ Hospital signage.pdf,supply and Installation of Hospital Signage | Mzuzu Central Hospital | 031/MZCH/2024-25/97 | 2024-09-25 | 
Award Notices,Malawi Revenue Authority,MRA/CHERRY PICKER/26/09/2024,https://ppda.mw/storage/documents/awardnotices/RFQ - Cherrry Picker.pdf,Cherry Picker | Malawi Revenue Authority | MRA/CHERRY PICKER/26/09/2024 | 2024-09-26 | 
Award Notices,University of Malawi,G55-08-24 Clinic,https://ppda.mw/storage/documents/awardnotices/G55-08-24 Clinic .pdf,Procurement of Hospital Equipment | University of Malawi | G55-08-24 Clinic | 2024-09-30 | 
Award Notices,University of Malawi,G12-09-24 BIOLOGY,https://ppda.mw/storage/documents/awardnotices/Addendum-Closing time for receipt of lab equip.pdf,ADDENDUM FOR CLOSING TIME FOR RECEIPT OF QUOTATIONS FOR SUPPY OF LORATORY EQUIPMENT AND REAGENT | University of Malawi | G12-09-24 BIOLOGY | 2024-09-30 | 
Award Notices,Malawi Revenue Authority,MRA/External Audit for Human Capital Risks/02/10/2024,https://ppda.mw/storage/documents/awardnotices/EXTERNAL AUDIT SERVICES FOR HR RIKS.pdf,EXTERNAL AUDIT SERVICES FOR HR | Malawi Revenue Authority | MRA/External Audit for Human Capital Risks/02/10/2024 | 2024-10-01 | 
Award Notices,Malawi Revenue Authority,MRA/LIBRARY BOOKS/02/10/2024,https://ppda.mw/storage/documents/awardnotices/ITA LIBRARY BOOKS.pdf,LIBRARY BOOKS | Malawi Revenue Authority | MRA/LIBRARY BOOKS/02/10/2024 | 2024-10-03 | 
Award Notices,Malawi Revenue Authority,MRA/MAINTENANCE FEEDBACK BOOKS/07/10/2024,https://ppda.mw/storage/documents/awardnotices/MAINTENANCE FEEDBACK BOOKS.pdf,Maintenance Feedback Books | Malawi Revenue Authority | MRA/MAINTENANCE FEEDBACK BOOKS/07/10/2024 | 2024-10-07 | 
Award Notices,Malawi Revenue Authority,MRA/MEDICAL AND EMPLOYEE IDS CARDS/10/10/2024,https://ppda.mw/storage/documents/awardnotices/RFQ FOR EMPLOYEE IDS AND MEDICAL CARDS..pdf,Employee and Medical ID | Malawi Revenue Authority | MRA/MEDICAL AND EMPLOYEE IDS CARDS/10/10/2024 | 2024-10-10 | 
Award Notices,Blantyre Water Board,"BWB/GOODS, SERVICES & WORKS/2024/1",https://ppda.mw/storage/documents/awardnotices/TENDER RESULTS SEPTEMBER 2024-FRAMEWORK.pdf,"Procurement of various Goods, Services and Works on Framework Agreement | Blantyre Water Board | BWB/GOODS, SERVICES & WORKS/2024/1 | 2024-10-14 | "
Award Notices,Blantyre Water Board,BWB/WORKS & SERVICES/2024/1,https://ppda.mw/storage/documents/awardnotices/TENDER RESULTS SEPTEMBER 2024-ONCE OFF.pdf,Procurement of Works and Services | Blantyre Water Board | BWB/WORKS & SERVICES/2024/1 | 2024-10-14 | 
Award Notices,Lilongwe City Council,LCC/IDF/10/24/POLICE UNIT/PARKS,https://ppda.mw/storage/documents/awardnotices/RFQ FOR COMPLETION OF POLICE UNIT AT AREA 13 PARKS.pdf,RFQ FOR COMPLETION OF POLICE UNIT AT AREA 13 PARKS | Lilongwe City Council | LCC/IDF/10/24/POLICE UNIT/PARKS | 2024-10-17 | 
Award Notices,Lilongwe City Council,LCC/IPDC/10/24/MAINTENANCE0CIVIC OFFICES,https://ppda.mw/storage/documents/awardnotices/RFQ FOR MAITENANCE OF CIVIC OFFICES UNDER LGR FOR 2024 TO 2025 FINANCIAL YR.pdf,RFQ FOR MAINTENANCE OF CIVIC OFFICES UNDER LOCAL GENERATED REVENUE (LGR) | Lilongwe City Council | LCC/IPDC/10/24/MAINTENANCE0CIVIC OFFICES | 2024-10-21 | 
Award Notices,Queen Elizabeth Central Hospital,31/QECH/S/25/10/24–202,https://ppda.mw/storage/documents/awardnotices/RFQ 202 servicing of biochemistry equipment.dot.pdf,Maintenance of biochemistry equipment (mindray BS 430) | Queen Elizabeth Central Hospital | 31/QECH/S/25/10/24–202 | 2024-10-25 | 
Award Notices,Central Region Water Board,CRWB/G/MV/24,https://ppda.mw/storage/documents/awardnotices/NOTICE-MV.pdf,SUPPLY & DELIVERY OF 4X4 PICKUPS | Central Region Water Board | CRWB/G/MV/24 | 2024-11-06 | 
Award Notices,Mangochi Town Council,MHMC/CRF/W/RD/2024-2025/01-04,https://ppda.mw/storage/documents/awardnotices/PHASE TWO NOTIFICATION TO AWARD CITY ROADS 21 NOVEMBER.pdf,CITY ROADS FUND PROJECTS PHASE TWO | Mangochi Town Council | MHMC/CRF/W/RD/2024-2025/01-04 | 2024-11-21 | 
Award Notices,Malawi Police Service,MPS/IPDC/01/2024/ILOMBA,https://ppda.mw/storage/documents/awardnotices/ILOMBA NOTICE OF WARD.pdf,CONSTRUCTION OF ILOMBA BORDER POLICE POST | Malawi Police Service | MPS/IPDC/01/2024/ILOMBA | 2024-10-11 | 
Award Notices,Malawi Police Service,MPS/IPDC/01/2024/ILOMBA,https://ppda.mw/storage/documents/awardnotices/ILOMBA NOTICE OF WARD.pdf,CONSTRUCTION OF ILOMBA BORDER POLICE POST IN CHITIPA | Malawi Police Service | MPS/IPDC/01/2024/ILOMBA | 2024-10-11 | 
Award Notices,Lilongwe University of Agriculture and Natural Resources -Bunda Campus,MW-LUANAR-463651-GO-RFQ,https://ppda.mw/storage/documents/awardnotices/FURNUTURE FOR AQUAFISH PHASE 1...pdf,Supply and Delivery of Office Furniture | Lilongwe University of Agriculture and Natural Resources -Bunda Campus | MW-LUANAR-463651-GO-RFQ | 2024-12-19 | 
Award Notices,Malawi Revenue Authority,MRA/AEROBICS/20/12/2024,https://ppda.mw/storage/documents/awardnotices/Aerobics.pdf,Aerobics Instruction Services | Malawi Revenue Authority | MRA/AEROBICS/20/12/2024 | 2024-12-20 | 
Award Notices,Malawi Police Service,MPS/IPDC/06/JAN/2025/MOTORS,https://ppda.mw/storage/documents/awardnotices/MOTORS FOR BLOCK MAKING MACHINE..pdf,PROCUREMENT OF ELECTRIC MOTORS | Malawi Police Service | MPS/IPDC/06/JAN/2025/MOTORS | 2025-01-07 | 
Award Notices,Blantyre City Council,BCC/RFA/CEN-GOV/CIVIL-WORKS/5/3/2/2024-2025,https://ppda.mw/storage/documents/awardnotices/CONTRACT AWARD NOTICE FOR GREEN MALATA ROAD - CAS- 13 JANUARY 2025.pdf,UPGRADING OF GREEN MALATA TO BANGWE LIVING WATERS CHURCH (0.8KM) TO ASPHALT SURFACE IN BLANTYRE CITY-LOT 2 | Blantyre City Council | BCC/RFA/CEN-GOV/CIVIL-WORKS/5/3/2/2024-2025 | 2025-01-15 | 
Award Notices,Department of Human Resource Management and Development,009/HRM/OS/179/2024-2025,https://ppda.mw/storage/documents/awardnotices/DESKTOP COMPUTER FOR MANAGEMENT OF COMMON SERVICES.doc,SUPPLY AND DELIVERY OF DESKTOP COMPUTERS | Department of Human Resource Management and Development | 009/HRM/OS/179/2024-2025 | 2025-02-04 | 
Award Notices,Department of Human Resource Management and Development,009/HRM/OS/179/2024-2025,https://ppda.mw/storage/documents/awardnotices/DESKTOP COMPUTER FOR PS SECRETATY.doc,SUPPLY AND DELIVERY OF DESKTOP COMPUTER | Department of Human Resource Management and Development | 009/HRM/OS/179/2024-2025 | 2025-02-04 | 
Award Notices,Department of Human Resource Management and Development,006/HRM/LAPTOP/OS/179/2024-2025,https://ppda.mw/storage/documents/awardnotices/LAPTOP FOR PSRB SECTION (CHRMO).doc,SUPPLY AND DELIVERY OF LAPTOP | Department of Human Resource Management and Development | 006/HRM/LAPTOP/OS/179/2024-2025 | 2025-02-04 | 
Award Notices,Department of Human Resource Management and Development,001/HRM/OS/179/IPDC/2024-2025,https://ppda.mw/storage/documents/awardnotices/OFFICE FAN.doc,SUPPLY AND DELIVERY OF OFFICE FAN | Department of Human Resource Management and Development | 001/HRM/OS/179/IPDC/2024-2025 | 2025-02-04 | 
Award Notices,Blantyre City Council,BCC/WORKS/03/12/01/2024-25,https://ppda.mw/storage/documents/awardnotices/CONTRACTS AWARD NOTICE FOR VARIOUS CIVIL WORKS FOR REHABILITATION OF ROADS AND BRIDGES IN BLANTYRE CITY -FEBRUARY 2025.pdf,REHABILITATION OF VARIOUS CIVIL WORKS IN BLANTYRE CITY | Blantyre City Council | BCC/WORKS/03/12/01/2024-25 | 2025-02-12 | 
Award Notices,Rumphi District Council,MW RDA 413543 CW RFQ,https://ppda.mw/storage/documents/awardnotices/RFQ  FOR  COMPLETION OF KAMPHENDA OPD.pdf,Completion of Out Patient Department (OPD) block | Rumphi District Council | MW RDA 413543 CW RFQ | 2025-02-11 | 
Award Notices,Registrar General,DRG/ICT/RFQ/02/2025,https://ppda.mw/storage/documents/awardnotices/RFQ AIRCONDS 2025.pdf,Supply and Installation of Air conditioners | Registrar General | DRG/ICT/RFQ/02/2025 | 2025-02-19 | 
Award Notices,Registrar General,DRG/ICT/RFQ/03/2025,https://ppda.mw/storage/documents/awardnotices/Request for Qoutations 2025 HARDWARE .pdf,supply of varous ICT equipments | Registrar General | DRG/ICT/RFQ/03/2025 | 2025-02-19 | 
Award Notices,Registrar General,DRG/ICT/RFQ/04/2025,https://ppda.mw/storage/documents/awardnotices/RFQ 2025 SOFTWARE.pdf,Provision of ICT software solutions | Registrar General | DRG/ICT/RFQ/04/2025 | 2025-02-19 | 
Award Notices,Public Procurement and Disposal of Assets Authority,PPDA/02/BT/2025,https://ppda.mw/storage/documents/awardnotices/BACKUP TAPES RFQ1.pdf,SUPPLY AND DELIVERY OF BACKUP TAPE DRIVES | Public Procurement and Disposal of Assets Authority | PPDA/02/BT/2025 | 2025-02-21 | 
Award Notices,Blantyre City Council,BCC/RFA/CEN-GOV/CIVIL-WORKS/5/3/2/2024-25,https://ppda.mw/storage/documents/awardnotices/CONTRACT AWARD NOTICE FOR RESEALING AND POTHOLE PATCHING OF VARIOUS ROADS IN BLANTYRE CITY - FEBRUARY 2025.pdf,RESEALING AND ASSOCIATED DRAINAGE WORKS AND POTHOLE PATCHING AND ASSOCIATED ROUTINE MAINTENANCE WORKS ON SELECTED URBAN PAVED ROADS IN BLANTYRE CITY | Blantyre City Council | BCC/RFA/CEN-GOV/CIVIL-WORKS/5/3/2/2024-25 | 2025-02-20 | 
Award Notices,Malawi University of Business & Applied Sciences,MUBAS/FURNITURE/10/2024,https://ppda.mw/storage/documents/awardnotices/Intention to Award Contracts Furniture.pdf,Intention to Award Contracts for Procurement of Furniture | Malawi University of Business & Applied Sciences | MUBAS/FURNITURE/10/2024 | 2025-02-22 | 
Award Notices,Mangochi District Council,MHDC/IRRIGATION/LIFE-AR/W/2024-25/001,https://ppda.mw/storage/documents/awardnotices/Local-Advert-Works- IRRIGATION SCHEME.pdf,CONSTRUCTION OF ANG'ONA IRRIGATION SCHEME | Mangochi District Council | MHDC/IRRIGATION/LIFE-AR/W/2024-25/001 | 2025-03-17 | 
Award Notices,Lilongwe City Council,LCC/IPDC/120/03/25/REST HOUSE,https://ppda.mw/storage/documents/awardnotices/Provision of Mgt Services for LCC Resthouse & Design of A Commercial Centre.pdf,PROVISION OF MANAGEMENT SERVICES FOR LILONGWE CITY COUNCIL RESTHOUSE AND DESIGN OF A COMMERCIAL CENTRE | Lilongwe City Council | LCC/IPDC/120/03/25/REST HOUSE | 2025-05-06 | 
Award Notices,Buildings Department,NCB/400/DOB/W/2024-25/01,https://ppda.mw/storage/documents/awardnotices/Cancellation of Procurement_Rehabilitation of Government Offices at Capital Hill.pdf,Cancellation of procurement of works - Rehabilitation of Government Offices at Capital Hill | Buildings Department | NCB/400/DOB/W/2024-25/01 | 2025-05-09 | 
Award Notices,Salima Lilongwe water supply company (LWB),SLWSC/IPDC/009,https://ppda.mw/storage/documents/awardnotices/Standard Bidding Document for Request For Qoutation for Goods (2).pdf,LAPTOPS | Salima Lilongwe water supply company (LWB) | SLWSC/IPDC/009 | 2025-06-16 | 
Award Notices,University of Malawi,G33-03-25,https://ppda.mw/storage/documents/awardnotices/Research  & Innovation.pdf,Procurement of a Server | University of Malawi | G33-03-25 | 2025-06-17 | 
Award Notices,Salima Lilongwe water supply company (LWB),SLWSC/IPDC/010,https://ppda.mw/storage/documents/awardnotices/Standard Bidding Document for Request For Qoutation for Goods.pdf,PROCUREMENT OF OFFICE FURNITURE | Salima Lilongwe water supply company (LWB) | SLWSC/IPDC/010 | 2025-06-19 | 
Award Notices,Airport Development Limited- ADL,ADL/LHE/100/23,https://ppda.mw/storage/documents/awardnotices/Cancellation of 2024 Lot 4 Construction of 100 Houses- Advert.pdf,CANCELLATION OF LOT 4 OF TENDER FOR CONSTRUCTION OF 100 HOUSES UNDER LUMBADZI HOUSING ESTATE PROJECT | Airport Development Limited- ADL | ADL/LHE/100/23 | 2025-07-18 | 
Award Notices,Central Region Water Board,CRWB/G/PWM/2025,https://ppda.mw/storage/documents/awardnotices/INTENTION TO AWARD.pdf,SUPPLY & DELIVERY OF PRE-PAID WATER METERS AND ACCESSORIES | Central Region Water Board | CRWB/G/PWM/2025 | 2025-07-25 | 
Award Notices,Export Development Fund - EDF,2024_Q4 2025_Q1,https://ppda.mw/storage/documents/awardnotices/Procurement Contracts.pdf,JANUARY TO JUNE 2025 | Export Development Fund - EDF | 2024_Q4 2025_Q1 | 2025-07-29 | 
Award Notices,Malawi Electoral Commission- MEC,MEC/2025/2026/RFQ/CINEMA/CVE/001,https://ppda.mw/storage/documents/awardnotices/Request For Quotation-Provision of Rural and Urban community cinemas.pdf,Provision of rural and urban community cinemas | Malawi Electoral Commission- MEC | MEC/2025/2026/RFQ/CINEMA/CVE/001 | 2025-08-13 | 
Award Notices,Queen Elizabeth Central Hospital,031/QECH/IPDC/G/25-26/230,https://ppda.mw/storage/documents/awardnotices/RFQ-230_MV_Tyres.doc,Tyres and batteries | Queen Elizabeth Central Hospital | 031/QECH/IPDC/G/25-26/230 | 2025-08-28 | 
Award Notices,University of Malawi,G46-09-25,"https://ppda.mw/storage/documents/awardnotices/Printing, supply and delivery of answer sheets.pdf","Printing, supply and delivery of answer sheets | University of Malawi | G46-09-25 | 2025-09-22 | "
Award Notices,Blantyre City Council,BCC/WORKS/03/08/01/LGF/2025-2026,https://ppda.mw/storage/documents/awardnotices/CONTRACT AWARD NOTICE FOR GRADING AND ASSOCIATED WORKS AT MZEDI HIGH DENSITY AREA IN BLANTYRE CITY-OCTOBER 2025.pdf,GRADING AND ASSOCIATED WORKS AT MZEDI HIGH DENSITY AREA IN BLANTYRE CITY | Blantyre City Council | BCC/WORKS/03/08/01/LGF/2025-2026 | 2025-10-13 | 
Award Notices,Malawi Revenue Authority,MRA/VIDEO TRANSMISSION/10/2025,https://ppda.mw/storage/documents/awardnotices/Video Trans.pdf,Video Transmission | Malawi Revenue Authority | MRA/VIDEO TRANSMISSION/10/2025 | 2025-10-27 | 
Award Notices,University of Malawi,W02-11-25,https://ppda.mw/storage/documents/awardnotices/Works Derbigum.pdf,"Minor Maintenance Works-Removal of Derbigum, Dispose off, prepare surface to receive new skin | University of Malawi | W02-11-25 | 2025-11-03 | "
Award Notices,Ministry of Health,MOH/RFQ/S/GF/TB/HIV/2025/55,https://ppda.mw/storage/documents/awardnotices/doc00676820251110153854.pdf,Maintenance of PIU website and subscription | Ministry of Health | MOH/RFQ/S/GF/TB/HIV/2025/55 | 2025-11-10 | 
Award Notices,University of Malawi,W02-11-25,https://ppda.mw/storage/documents/awardnotices/Works Derbigum-Readv.pdf,"Removal of Derbigum, dispose off and preparation of new surface to receive new skin | University of Malawi | W02-11-25 | 2025-11-03 | "
Award Notices,Salima Lilongwe water supply company (LWB),SL/032025/02/CS/QCBS,https://ppda.mw/storage/documents/awardnotices/ADVERT-SALIMA-LILONGWE (1).pdf,Invitation for bids for Design Review and Construction Supervision of Salima-Lilongwe Water Supply Project | Salima Lilongwe water supply company (LWB) | SL/032025/02/CS/QCBS | 2026-02-03 | 
Award Notices,Northern  Education Division-NED,NED/G/TONNER/2025-26FY/063,https://ppda.mw/storage/documents/awardnotices/TONNER EDM 1.pdf,TONNER | Northern  Education Division-NED | NED/G/TONNER/2025-26FY/063 | 2026-02-04 | 
Award Notices,Northern  Education Division-NED,NED/G/BUILD/2025-26FY/059,https://ppda.mw/storage/documents/awardnotices/Maintenance of buildings 2.pdf,Materials for maintenance of building | Northern  Education Division-NED | NED/G/BUILD/2025-26FY/059 | 2026-02-04 | 
Award Notices,Kamuzu Central Hospital,031/IPDC/KCH/G/25-26/269,https://ppda.mw/storage/documents/awardnotices/RFQ-25-26-269 Mobile Phone - Quality Improvement - Copy.pdf,Supply and delivery of Mobile Phone | Kamuzu Central Hospital | 031/IPDC/KCH/G/25-26/269 | 2026-03-13 | 
Award Notices,Kamuzu Central Hospital,031/IPDC/KCH/G/25-26/269,https://ppda.mw/storage/documents/awardnotices/RFQ-25-26-269 Mobile Phone - Quality Improvement - Copy.pdf,Supply and Delivery of Mobile Phone | Kamuzu Central Hospital | 031/IPDC/KCH/G/25-26/269 | 2026-03-13 | 
Award Notices,Kamuzu Central Hospital,031/ IPDC/KCH/G/25-26/269,https://ppda.mw/storage/documents/awardnotices/RFQ-25-26-269 Mobile Phone - Quality Improvement.pdf,Supply and Delivery of.    Mobile  Phone | Kamuzu Central Hospital | 031/ IPDC/KCH/G/25-26/269 | 2026-03-17 | 
Award Notices,Blantyre Water Board,BWB/VARIOUS ACTIVITIES/2026/1,https://ppda.mw/storage/documents/awardnotices/TENDER RESULTS MARCH 2026.pdf,TENDER RESULTS FOR VARIOUS PROCUREMENT ACTIVITIES | Blantyre Water Board | BWB/VARIOUS ACTIVITIES/2026/1 | 2026-03-24 | 
Award Notices,Ministry of Mining,480/MOM/STATIONERY/IPDC/RFQ/26-27/09,https://ppda.mw/storage/documents/awardnotices/RFQ stationery NO.9.pdf,Procurement of stationery | Ministry of Mining | 480/MOM/STATIONERY/IPDC/RFQ/26-27/09 | 2026-07-09 | 
Award Notices,Ministry of Mining,480/MOM/IPDC/ANTIVIRUS/RFQ/26-27/10,https://ppda.mw/storage/documents/awardnotices/RFQ  Antivirus 10.pdf,PROCUREMENT OF ANTIVIRUS | Ministry of Mining | 480/MOM/IPDC/ANTIVIRUS/RFQ/26-27/10 | 2026-07-13 | 
Award Notices,Malawi Prison Service,RFQ-PRIS-FM-2026-2027/15,https://ppda.mw/storage/documents/awardnotices/HYBRID MAIZE SEED 2026.pdf,Hybrid Maize Seeds | Malawi Prison Service | RFQ-PRIS-FM-2026-2027/15 | 2026-08-21 | 
Award Notices,Malawi Prison Service,RFQ-PRIS-FM-2026-2027/13,https://ppda.mw/storage/documents/awardnotices/HOE HANDLES 2026.pdf,Hoe handles | Malawi Prison Service | RFQ-PRIS-FM-2026-2027/13 | 2026-08-21 | 
Award Notices,Malawi Prison Service,RFQ-PRIS-FM-2026-2027/14,https://ppda.mw/storage/documents/awardnotices/HERBICIDES AND PESTICIDES 2026.pdf,RFQ-Herbicides and pesticides | Malawi Prison Service | RFQ-PRIS-FM-2026-2027/14 | 2026-08-21 | 
Award Notices,Malawi Prison Service,RFQ-PRIS-FM-2026-2027/19,https://ppda.mw/storage/documents/awardnotices/ANIMAL FEEDS 2026.pdf,RFQ-Animal Feeds | Malawi Prison Service | RFQ-PRIS-FM-2026-2027/19 | 2026-08-21 | 
Award Notices,Malawi Prison Service,RFQ-PRIS-FM-2026-2027/16,https://ppda.mw/storage/documents/awardnotices/BEEF CATTLE 2026H.pdf,RFQ-Beef Cattle | Malawi Prison Service | RFQ-PRIS-FM-2026-2027/16 | 2026-08-21 | 
Award Notices,Malawi Prison Service,RFQ-PRIS-FM-2026-2027/11,"https://ppda.mw/storage/documents/awardnotices/SPRAYER, TENT AND TAPAULINE 2026.pdf","RFQ-Sprayer, Tent and Tapauline | Malawi Prison Service | RFQ-PRIS-FM-2026-2027/11 | 2026-08-21 | "
Award Notices,Malawi Prison Service,RFQ-PRIS-FM-2026-2027/117,https://ppda.mw/storage/documents/awardnotices/GPS AND  WATER PUMPS 2026.pdf,RFQ-GPS AND Wanter pumps | Malawi Prison Service | RFQ-PRIS-FM-2026-2027/117 | 2026-08-21 | 
Award Notices,Malawi Prison Service,RFQ-PRIS-FM-2026-2027/09,https://ppda.mw/storage/documents/awardnotices/LEGUME SEEDS 26.pdf,RFQ-legumes Seeds | Malawi Prison Service | RFQ-PRIS-FM-2026-2027/09 | 2026-08-21 | 
Award Notices,Malawi Prison Service,RFQ-PRIS-FM-2026-2027/10,https://ppda.mw/storage/documents/awardnotices/FARM IMPLEMENTS 2026.pdf,RFQ-Farm Implements | Malawi Prison Service | RFQ-PRIS-FM-2026-2027/10 | 2026-08-21 | 
Open Tenders,Institution,Reference No.,N/A,Title | Institution | Reference No. | Publish Date | Closing Date | Attachment
Open Tenders,Zomba City Council,ZCC-Cleaning Services-Advert,https://ppda.mw/storage/documents/opentenders/00 - Schedule of Lots - Cleaning Services 2026-2028.pdf,Cleaning Services-Advert | Zomba City Council | ZCC-Cleaning Services-Advert | 2026-08-23 | 2026-08-27 | 
Open Tenders,Zomba City Council,Lot 1,https://ppda.mw/storage/documents/opentenders/Lot 1 - RFQ - Cleaning Services - Chinamwali Market (with ToR).pdf,Cleaning Services-Lot 1 | Zomba City Council | Lot 1 | 2026-08-23 | 2026-08-27 | 
Open Tenders,Zomba City Council,Lot 2,https://ppda.mw/storage/documents/opentenders/Lot 2 - RFQ - Cleaning Services - Mpondabwino Market (with ToR).pdf,Cleaning Services-Lot 2 | Zomba City Council | Lot 2 | 2026-08-23 | 2026-08-27 | 
Open Tenders,Zomba City Council,Lot 3,https://ppda.mw/storage/documents/opentenders/Lot 3 - RFQ - Cleaning Services - Central Market (with ToR).pdf,Cleaning Services-Lot 3 | Zomba City Council | Lot 3 | 2026-08-23 | 2026-08-27 | 
Open Tenders,Zomba City Council,Lot 4,https://ppda.mw/storage/documents/opentenders/Lot 4 - RFQ - Cleaning Services - Sadzi Market (with ToR).pdf,Cleaning Services-Lot 4 | Zomba City Council | Lot 4 | 2026-08-23 | 2026-08-27 | 
Open Tenders,Zomba City Council,Lot 5,https://ppda.mw/storage/documents/opentenders/Lot 5 - RFQ - Cleaning Services - Flea Market (with ToR).pdf,Cleaning Services-Lot 5 | Zomba City Council | Lot 5 | 2026-08-23 | 2026-08-27 | 
Open Tenders,Mzuzu Central Hospital,031/MZCH/2026-27/40,https://ppda.mw/storage/documents/opentenders/Request for Quotations - ECG Paper.pdf,Supply and Delivery of ECG PAPERS | Mzuzu Central Hospital | 031/MZCH/2026-27/40 | 2026-08-21 | 2026-08-26 | 
Open Tenders,Ministry of Health,MOH/RFQ/W/GF/TB/HIV/2026/033,https://ppda.mw/storage/documents/opentenders/Renovate & Upgrade VMMC Rooms 2026.pdf,Rehabilitation of Voluntary Medical Male Circumcision Rooms | Ministry of Health | MOH/RFQ/W/GF/TB/HIV/2026/033 | 2026-08-21 | 2026-08-31 | 
Open Tenders,Zomba City Council,Addendum No. 1,https://ppda.mw/storage/documents/opentenders/Addendum No. 1 - Extension of Closing and Opening Date.pdf,Addendum No. 1-Zomba City Council | Zomba City Council | Addendum No. 1 | 2026-08-21 | 2026-09-10 | 
Open Tenders,Department of Irrigation,DOI/MAINTENACE/08/26-27/2502/02,https://ppda.mw/storage/documents/opentenders/RFQ- MAINTENANCE MATERIALS FOR SALIMA ISD.pdf,PROCUREMENT OF MAINTENANCE MATERIALS FOR SALIMA ISD | Department of Irrigation | DOI/MAINTENACE/08/26-27/2502/02 | 2026-08-20 | 2026-08-26 | 
Open Tenders,National Cancer Centre,031/IPDC/NCC/G/ 26-27/042,https://ppda.mw/storage/documents/opentenders/RFQ-042-Fire Extinguisher.pdf,"Supply and delivery ,Installation and Servicing of Firefighting Equipment | National Cancer Centre | 031/IPDC/NCC/G/ 26-27/042 | 2026-08-20 | 2026-08-27 | "
Open Tenders,Mzuzu Central Hospital,031/MZCH/2026-27/39,https://ppda.mw/storage/documents/opentenders/Request For Qoutation for Works-water tanks.pdf,Cleaning and Maintenance of Hospital Water Tank | Mzuzu Central Hospital | 031/MZCH/2026-27/39 | 2026-08-20 | 2026-08-31 | 
Open Tenders,Ministry of Health,MOH/RFQ/S/GF/GAVI/2026/014,https://ppda.mw/storage/documents/opentenders/Events Management Services for 2026 MR Follow-Up Campaign Launch Activities.pdf,Procurement of events management services for the 2026 MR campaign launch activities | Ministry of Health | MOH/RFQ/S/GF/GAVI/2026/014 | 2026-08-20 | 2026-08-25 | 
Open Tenders,Malawi Posts Corporation,MPC/VEHICLEHIRINGS/26/9/1,https://ppda.mw/storage/documents/opentenders/RFQ Vehicle hire.pdf,Procurement of Vehicle Hirings | Malawi Posts Corporation | MPC/VEHICLEHIRINGS/26/9/1 | 2026-08-19 | 2026-08-24 | 
Open Tenders,Mzuzu Central Hospital,031/MZCH/2026-27/37,https://ppda.mw/storage/documents/opentenders/Request for Quotations - Clothing.pdf,Supply and delivery of Nurses Uniform Cloth | Mzuzu Central Hospital | 031/MZCH/2026-27/37 | 2026-08-19 | 2026-08-26 | 
Open Tenders,Mzuzu Central Hospital,031/MZCH/2026-27/35,https://ppda.mw/storage/documents/opentenders/Request for Quotations - MAINTENTENANCE 2.pdf,Supply and Delivery of Maintenance  Materials | Mzuzu Central Hospital | 031/MZCH/2026-27/35 | 2026-08-19 | 2026-08-26 | 
Open Tenders,Mzuzu Central Hospital,031/MZCH/2026-27/36,https://ppda.mw/storage/documents/opentenders/Request for Quotations - MAINTENTENANCE 3.pdf,Supply and Delivery of Maintenance Materials.. | Mzuzu Central Hospital | 031/MZCH/2026-27/36 | 2026-08-19 | 2026-08-26 | 
Open Tenders,National Cancer Centre,031/IPDC/NCC/G/26-27/042,https://ppda.mw/storage/documents/opentenders/RFQ-042 ICT EQUIPMENT.pdf,Procurement of ICT Equipments | National Cancer Centre | 031/IPDC/NCC/G/26-27/042 | 2026-08-19 | 2026-08-25 | 
Open Tenders,Public Procurement and Disposal of Assets Authority,PPDA/MICROSOFT 365/08/2026,https://ppda.mw/storage/documents/opentenders/RFQ MICROSOFT 365 AUGUST 2026-RE ADVERT.pdf,RE-ADVERT PROCUREMENT OF MICROSOFT 365 PREMIUM LICENCE | Public Procurement and Disposal of Assets Authority | PPDA/MICROSOFT 365/08/2026 | 2026-08-19 | 2026-08-24 | 
Open Tenders,Public Procurement and Disposal of Assets Authority,PPDA/FUMIGATION/08/2026,https://ppda.mw/storage/documents/opentenders/RFQ FUMIGATION SERVICES .pdf,PROCUREMENT OF FUMIGATION SERVICES | Public Procurement and Disposal of Assets Authority | PPDA/FUMIGATION/08/2026 | 2026-08-19 | 2026-08-24 | 
Open Tenders,Public Procurement and Disposal of Assets Authority,PPDA/OFFICE BLINDS/08/2026,https://ppda.mw/storage/documents/opentenders/RFQ CLEANING AND MAINTANANCE OF OFFICE BLINDS SERVICES .pdf,CLEANING AND MAINTANANCE OF OFFICE BLINDS | Public Procurement and Disposal of Assets Authority | PPDA/OFFICE BLINDS/08/2026 | 2026-08-19 | 2026-08-24 | 
Open Tenders,Malawi Prison Service,MPS/ICT/ORT/RFQ/26/27/56,https://ppda.mw/storage/documents/opentenders/COMPUTER EQUIPMENTS ICT.pdf,PROCUREMENT OF COMPUTER EQUIPMENTS | Malawi Prison Service | MPS/ICT/ORT/RFQ/26/27/56 | 2026-08-18 | 2026-08-24 | 
Open Tenders,Department of E-Government,DoEG/PDU/DISP/01/2026,https://ppda.mw/storage/documents/opentenders/FINAL ADVERT SALE OF MOTOR VEHICLES BOARD OFF - DEPARTMENT OF E-GOVERNMENT 2026.pdf,MOTOR VEHICLE DISPOSAL | Department of E-Government | DoEG/PDU/DISP/01/2026 | 2026-08-18 | 2026-08-27 | 
Open Tenders,Zomba Central Hospital,ZCH/RFQ/SEWING-MACHINE/08/26,"https://ppda.mw/storage/documents/opentenders/RFQ FOR PROCUREMENT OF SEWING MACHINE FOR TAILORING DEPARTMENT, 2026.pdf","Procurement of Sewing Machine for Tailoring Department, 2026. | Zomba Central Hospital | ZCH/RFQ/SEWING-MACHINE/08/26 | 2026-08-18 | 2026-08-26 | "
Open Tenders,Office of the Ombudsman,OMB/RFQ/FURN/EXE/CHAIR/2026/8,https://ppda.mw/storage/documents/opentenders/RFQGood-FURNITURE. EXECUTIVE CHAIR HQ DDIR.pdf,PROCUREMENT OF OFFICE EXECUTIVE CHAIR | Office of the Ombudsman | OMB/RFQ/FURN/EXE/CHAIR/2026/8 | 2026-08-18 | 2026-08-24 | 
Open Tenders,Office of the Ombudsman,OMB/RFQ/HQ/ICT/ACCESS/2026/8,https://ppda.mw/storage/documents/opentenders/RFQ-COMPUTER ACCESSORIES-1.pdf,PROCUREMENT OF COMPUTER ACCESSORIES-1 | Office of the Ombudsman | OMB/RFQ/HQ/ICT/ACCESS/2026/8 | 2026-08-18 | 2026-08-24 | 
Open Tenders,Office of the Ombudsman,OMB/RFQ/CRO/RIM/LOCKS/2026/8,https://ppda.mw/storage/documents/opentenders/RFQGood CRO-RIM LOCKS.pdf,PROCUREMENT OF RIM LOCKS AND INSTALLATION | Office of the Ombudsman | OMB/RFQ/CRO/RIM/LOCKS/2026/8 | 2026-08-18 | 2026-08-24 | 
Open Tenders,Office of the Ombudsman,OMB/RFQ/CRO/ST/2026/8,https://ppda.mw/storage/documents/opentenders/RFQGood-CRO-Stationery 18-08-2026.pdf,PROCUREMENT OF STATIONERY-CRO-II | Office of the Ombudsman | OMB/RFQ/CRO/ST/2026/8 | 2026-08-18 | 2026-08-24 | 
Open Tenders,Office of the Ombudsman,OMB/RFQ/GEN/SET/MAINT/2026/8,https://ppda.mw/storage/documents/opentenders/RFQServices-GEN SET MAINTENANCE-17-08-2026.pdf,PROCUREMENT OF GEN.SET SERVICES/MAINTENANCE | Office of the Ombudsman | OMB/RFQ/GEN/SET/MAINT/2026/8 | 2026-08-18 | 2026-08-24 | 
Open Tenders,Office of the Ombudsman,OMB/RFQ/OFFICE/EQUIP/BTRO/2026/8,https://ppda.mw/storage/documents/opentenders/RFQ-OFFICE EQUIPMENT-BTRO.pdf,PROCUREMENT OF OFFICE EQUIPMENT-II | Office of the Ombudsman | OMB/RFQ/OFFICE/EQUIP/BTRO/2026/8 | 2026-08-18 | 2026-08-24 | 
Open Tenders,Office of the Ombudsman,OMB/RFQ/IT/HOST/SERV/DOM/2026/8,https://ppda.mw/storage/documents/opentenders/RFQServices-HOSTING SERVICES & DOMAIN OoO CASE MANAGEMENT SYSTEM-17-08-2026.pdf,PROCUREMENT OF HOSTING SERVICES AND DOMAIN NAME OF OFFICE OF THE OMBUDSMAN | Office of the Ombudsman | OMB/RFQ/IT/HOST/SERV/DOM/2026/8 | 2026-08-18 | 2026-08-24 | 
Open Tenders,Office of the Ombudsman,OMB/RFQ/UNIFORM/F/BALL/2026/8,https://ppda.mw/storage/documents/opentenders/RFQ-FOOTBAL UNIFORM & FOOTBALL.pdf,PROCUREMENT OF FOOTBALL EQUIPMENT | Office of the Ombudsman | OMB/RFQ/UNIFORM/F/BALL/2026/8 | 2026-08-18 | 2026-08-24 | 
Open Tenders,Ntchisi District Council,NSDC/CDF/VARIOUS-RFQ/ 2026-27,https://ppda.mw/storage/documents/opentenders/CDF Advert for RFQ.pdf,PROCUREMENT OF VARIOUS WORKS | Ntchisi District Council | NSDC/CDF/VARIOUS-RFQ/ 2026-27 | 2026-08-17 | 2026-08-24 | 
Open Tenders,Mzuzu Central Hospital,031/MZCH/2026-27/34,https://ppda.mw/storage/documents/opentenders/Request for Quotations - Nursery Healter.pdf,Supply and Delivery Nursery Heater | Mzuzu Central Hospital | 031/MZCH/2026-27/34 | 2026-08-17 | 2026-08-24 | 
Open Tenders,Department of Immigration,IM/01/81/27,https://ppda.mw/storage/documents/opentenders/INVITATION FOR BIDS.pdf,SUPPLY AND DELIVERY OF UNIFORM | Department of Immigration | IM/01/81/27 | 2026-08-14 | 2026-09-03 | 
Open Tenders,Malawi Prison Service,MW/PRIS/MV/2026-2027/4,https://ppda.mw/storage/documents/opentenders/ADVERT FOR SUPPLY AND DELIVERY OF FARM MACHANISATION-1.pdf,SUPPLY AND DELIVERY OF FARM MECHANISATION EQUIPMENT | Malawi Prison Service | MW/PRIS/MV/2026-2027/4 | 2026-08-14 | 2026-09-03 | 
Open Tenders,Accountant General Department,AGD/SSL/26-27/02,https://ppda.mw/storage/documents/opentenders/Advert for Provision of ICT Security Software Licences-2026-27.pdf,Provision of ICT Security Software Licences | Accountant General Department | AGD/SSL/26-27/02 | 2026-08-13 | 2026-09-09 | 
Open Tenders,Zomba City Council,"Road Projects ( Including Consultancy Services), QVR, Urban Structure Plan",https://ppda.mw/storage/documents/opentenders/ZCC_Invitation_for_Bids_2026-27_FINAL_2.pdf,"Road Projects ( Including Consultancy Services), QVR, Urban Structure Plan | Zomba City Council | Road Projects ( Including Consultancy Services), QVR, Urban Structure Plan | 2026-08-13 | 2026-09-02 | "
Open Tenders,Queen Elizabeth Central Hospital,NCB/031/IPDC/QECH/S/2026-2027/01 and NCB/031/IPDC/QECH/S/2026-2027/03,https://ppda.mw/storage/documents/opentenders/Advert for service providers 2026-2027 QECH Cooling systems pots and clearing agent.pdf,Advert for service providers 2026-2027 QECH Cooling systems pots and clearing agent | Queen Elizabeth Central Hospital | NCB/031/IPDC/QECH/S/2026-2027/01 and NCB/031/IPDC/QECH/S/2026-2027/03 | 2026-08-09 | 2026-08-28 | 
Open Tenders,Chitipa District Council,CPDC/SECRETARIAT/CDF/2026/022-NCB,https://ppda.mw/storage/documents/opentenders/GRADER - ADVERT.pdf,"Supply and Delivery of a Motor Grader 180HP, Manual Transmission to Chitipa District Council | Chitipa District Council | CPDC/SECRETARIAT/CDF/2026/022-NCB | 2026-08-08 | 2026-08-25 | "
Open Tenders,Ministry of Health,MOH/NCB/G/GF/GAVI/2026/002,https://ppda.mw/storage/documents/opentenders/Advert for indelible ink markers..pdf,PROCUREMENT OF INDELIBLE INK MARKERS FOR IMMUNIZATION CAMPAIGN | Ministry of Health | MOH/NCB/G/GF/GAVI/2026/002 | 2026-08-07 | 2026-08-26 | 
Open Tenders,TEVETA,TEVETA-0037-1-26,https://ppda.mw/storage/documents/opentenders/BIDDING DOCUMENT FOR SUPPLY AND DELIVERY OF MOTOR VEHICLES TO TEVETA.pdf,SUPPLY AND DELIVERY OF MOTOR VEHICLES TO TEVETA | TEVETA | TEVETA-0037-1-26 | 2026-08-05 | 2026-08-26 | 
Open Tenders,Luchenza Town Council,LMC/IPDC/2026-2027/WORKS,https://ppda.mw/storage/documents/opentenders/INVITATION FOR CDF NCB 2026-2027 FY.pdf,INVITATION FOR CDF NCB 2026-2027 FINANCIAL YEAR | Luchenza Town Council | LMC/IPDC/2026-2027/WORKS | 2026-08-05 | 2026-08-24 | 
